index,message_id,platform,message,future,past,psychological_present,factual_present,to_discrete
0,102378,Twitter,,1,0,0,0.0,future
1,102379,Twitter,,1,0,0,0.0,future
2,102380,Twitter,,0,1,0,0.0,past
3,102381,Twitter,,0,0,1,0.0,psychological_present
4,102382,Twitter,,0,0,0,1.0,factual_present
5,102383,Twitter,,0,1,0,0.0,past
6,102384,Twitter,,1,0,0,0.0,future
7,102385,Twitter,,0,0,1,0.0,psychological_present
8,102386,Twitter,,0,0,1,0.0,psychological_present
9,102387,Twitter,,0,0,0,1.0,factual_present
10,102388,Twitter,,0,1,0,0.0,past
11,102389,Twitter,,0,0,0,1.0,factual_present
12,102390,Twitter,,1,0,0,0.0,future
13,102391,Twitter,,0,0,0,1.0,factual_present
14,102392,Twitter,,0,0,0,1.0,factual_present
15,102393,Twitter,,1,0,0,0.0,future
16,102394,Twitter,,1,0,0,0.0,future
17,102395,Twitter,,0,0,0,1.0,factual_present
18,102396,Twitter,,1,0,0,0.0,future
19,102397,Twitter,,0,0,0,1.0,factual_present
20,102398,Twitter,,0,0,0,1.0,factual_present
21,102399,Twitter,,1,0,0,0.0,future
22,102400,Twitter,,0,0,0,1.0,factual_present
23,102401,Twitter,,0,1,0,0.0,past
24,102402,Twitter,,1,0,0,0.0,future
25,102403,Twitter,,0,0,1,0.0,psychological_present
26,102404,Twitter,,0,0,0,1.0,factual_present
27,102405,Twitter,,0,0,0,1.0,factual_present
28,102406,Twitter,,1,0,0,0.0,future
29,102407,Twitter,,0,1,0,0.0,past
30,102408,Twitter,,0,0,1,0.0,psychological_present
31,102409,Twitter,,1,0,0,0.0,future
32,102410,Twitter,,0,0,0,1.0,factual_present
33,102411,Twitter,,0,0,1,0.0,psychological_present
34,102412,Twitter,,0,0,1,0.0,psychological_present
35,102413,Twitter,,0,1,0,0.0,past
36,102414,Twitter,,0,0,0,1.0,factual_present
37,102415,Twitter,,0,0,1,0.0,psychological_present
38,102416,Twitter,,0,1,0,0.0,past
39,102417,Twitter,,0,0,1,0.0,psychological_present
40,102418,Twitter,,1,0,0,0.0,future
41,102419,Twitter,,0,0,1,0.0,psychological_present
42,102420,Twitter,,0,1,0,0.0,past
43,102421,Twitter,,1,0,0,0.0,future
44,102422,Twitter,,0,0,0,1.0,factual_present
45,102423,Twitter,,0,0,0,1.0,factual_present
46,102424,Twitter,,0,1,0,0.0,past
47,102425,Twitter,,1,0,0,0.0,future
48,102426,Twitter,,0,1,0,0.0,past
49,102427,Twitter,,0,0,1,0.0,psychological_present
50,102428,Twitter,,0,0,1,0.0,psychological_present
51,102429,Twitter,,0,1,0,0.0,past
52,102430,Twitter,,0,0,0,1.0,factual_present
53,102431,Twitter,,0,1,0,0.0,past
54,102432,Twitter,,0,0,1,0.0,psychological_present
55,102433,Twitter,,0,0,1,0.0,psychological_present
56,102434,Twitter,,1,0,0,0.0,future
57,102435,Twitter,,1,0,0,0.0,future
58,102436,Twitter,,0,0,0,1.0,factual_present
59,102437,Twitter,,0,0,0,1.0,factual_present
60,102438,Twitter,,0,0,0,1.0,factual_present
61,102439,Twitter,,1,0,0,0.0,future
62,102440,Twitter,,0,1,0,0.0,past
63,102441,Twitter,,0,0,0,1.0,factual_present
64,102442,Twitter,,0,1,0,0.0,past
65,102443,Twitter,,1,0,0,0.0,future
66,102444,Twitter,,0,0,1,0.0,psychological_present
67,102445,Twitter,,0,0,1,0.0,psychological_present
68,102446,Twitter,,1,0,0,0.0,future
69,102447,Twitter,,0,0,0,1.0,factual_present
70,102448,Twitter,,0,1,0,0.0,past
71,102449,Twitter,,0,1,0,0.0,past
72,102450,Twitter,,0,0,1,0.0,psychological_present
73,102451,Twitter,,0,1,0,0.0,past
74,102452,Twitter,,0,0,1,0.0,psychological_present
75,102453,Twitter,,0,1,0,0.0,past
76,102454,Twitter,,1,0,0,0.0,future
77,102455,Twitter,,0,1,0,0.0,past
78,102456,Twitter,,1,0,0,0.0,future
79,102457,Twitter,,0,1,0,0.0,past
80,102458,Twitter,,0,0,0,1.0,factual_present
81,102459,Twitter,,0,0,0,1.0,factual_present
82,102460,Twitter,,0,0,1,0.0,psychological_present
83,102461,Twitter,,1,0,0,0.0,future
84,102462,Twitter,,0,0,1,0.0,psychological_present
85,102463,Twitter,,0,0,0,1.0,factual_present
86,102464,Twitter,,0,1,0,0.0,past
87,102465,Twitter,,0,0,0,1.0,factual_present
88,102466,Twitter,,0,1,0,0.0,past
89,102467,Twitter,,0,0,1,0.0,psychological_present
90,102468,Twitter,,0,1,0,0.0,past
91,102469,Twitter,,0,1,0,0.0,past
92,102470,Twitter,,0,1,0,0.0,past
93,102471,Twitter,,0,1,0,0.0,past
94,102472,Twitter,,1,0,0,0.0,future
95,102473,Twitter,,0,1,0,0.0,past
96,102474,Twitter,,0,1,0,0.0,past
97,102475,Twitter,,0,0,0,1.0,factual_present
98,102476,Twitter,,0,0,0,1.0,factual_present
99,102477,Twitter,,0,0,1,0.0,psychological_present
100,102478,Twitter,,0,0,0,1.0,factual_present
101,102479,Twitter,,1,0,0,0.0,future
102,102480,Twitter,,1,0,0,0.0,future
103,102481,Twitter,,0,0,0,1.0,factual_present
104,102482,Twitter,,0,0,0,1.0,factual_present
105,102483,Twitter,,0,1,0,0.0,past
106,102484,Twitter,,0,1,0,0.0,past
107,102485,Twitter,,1,0,0,0.0,future
108,102486,Twitter,,0,1,0,0.0,past
109,102487,Twitter,,0,1,0,0.0,past
110,102488,Twitter,,0,0,0,1.0,factual_present
111,102489,Twitter,,0,0,0,1.0,factual_present
112,102490,Twitter,,0,1,0,0.0,past
113,102491,Twitter,,0,0,0,1.0,factual_present
114,102492,Twitter,,1,0,0,0.0,future
115,102493,Twitter,,0,0,1,0.0,psychological_present
116,102494,Twitter,,0,0,0,1.0,factual_present
117,102495,Twitter,,0,1,0,0.0,past
118,102496,Twitter,,0,0,1,0.0,psychological_present
119,102497,Twitter,,0,1,0,0.0,past
120,102498,Twitter,,0,0,0,1.0,factual_present
121,102499,Twitter,,0,0,0,1.0,factual_present
122,102500,Twitter,,0,0,1,0.0,psychological_present
123,102501,Twitter,,0,0,0,1.0,factual_present
124,102502,Twitter,,0,1,0,0.0,past
125,102503,Twitter,,0,0,0,1.0,factual_present
126,102504,Twitter,,1,0,0,0.0,future
127,102505,Twitter,,0,0,1,0.0,psychological_present
128,102506,Twitter,,0,0,1,0.0,psychological_present
129,102507,Twitter,,0,1,0,0.0,past
130,102508,Twitter,,0,1,0,0.0,past
131,102509,Twitter,,1,0,0,0.0,future
132,102510,Twitter,,0,1,0,0.0,past
133,102511,Twitter,,0,0,0,1.0,factual_present
134,102512,Twitter,,0,0,1,0.0,psychological_present
135,102513,Twitter,,0,0,0,1.0,factual_present
136,102514,Twitter,,0,0,1,0.0,psychological_present
137,102515,Twitter,,0,1,0,0.0,past
138,102516,Twitter,,0,1,0,0.0,past
139,102517,Twitter,,1,0,0,0.0,future
140,102518,Twitter,,0,0,0,1.0,factual_present
141,102519,Twitter,,0,1,0,0.0,past
142,102520,Twitter,,1,0,0,0.0,future
143,102521,Twitter,,0,1,0,0.0,past
144,102522,Twitter,,0,1,0,0.0,past
145,102523,Twitter,,0,0,1,0.0,psychological_present
146,102524,Twitter,,1,0,0,0.0,future
147,102525,Twitter,,0,0,0,1.0,factual_present
148,102526,Twitter,,0,0,0,1.0,factual_present
149,102527,Twitter,,0,0,1,0.0,psychological_present
150,102528,Twitter,,0,1,0,0.0,past
151,102529,Twitter,,1,0,0,0.0,future
152,102530,Twitter,,0,0,0,1.0,factual_present
153,102531,Twitter,,0,0,0,1.0,factual_present
154,102532,Twitter,,0,0,0,1.0,factual_present
155,102533,Twitter,,0,0,0,1.0,factual_present
156,102534,Twitter,,0,0,1,0.0,psychological_present
157,102535,Twitter,,0,0,0,1.0,factual_present
158,102536,Twitter,,0,1,0,0.0,past
159,102537,Twitter,,0,1,0,0.0,past
160,102538,Twitter,,0,0,0,1.0,factual_present
161,102539,Twitter,,0,1,0,0.0,past
162,102540,Twitter,,1,0,0,0.0,future
163,102541,Twitter,,1,0,0,0.0,future
164,102542,Twitter,,0,0,0,1.0,factual_present
165,102543,Twitter,,0,0,0,1.0,factual_present
166,102544,Twitter,,0,0,0,1.0,factual_present
167,102545,Twitter,,0,0,1,0.0,psychological_present
168,102546,Twitter,,0,0,0,1.0,factual_present
169,102547,Twitter,,0,0,1,0.0,psychological_present
170,102548,Twitter,,1,0,0,0.0,future
171,102549,Twitter,,1,0,0,0.0,future
172,102550,Twitter,,0,1,0,0.0,past
173,102551,Twitter,,0,1,0,0.0,past
174,102552,Twitter,,0,0,1,0.0,psychological_present
175,102553,Twitter,,0,0,0,1.0,factual_present
176,102554,Twitter,,0,0,1,0.0,psychological_present
177,102555,Twitter,,0,0,0,1.0,factual_present
178,102556,Twitter,,1,0,0,0.0,future
179,102557,Twitter,,1,0,0,0.0,future
180,102558,Twitter,,0,0,0,1.0,factual_present
181,102559,Twitter,,0,0,0,1.0,factual_present
182,102560,Twitter,,0,0,0,1.0,factual_present
183,102561,Twitter,,0,1,0,0.0,past
184,102562,Twitter,,0,1,0,0.0,past
185,102563,Twitter,,0,0,0,1.0,factual_present
186,102564,Twitter,,0,0,0,1.0,factual_present
187,102565,Twitter,,1,0,0,0.0,future
188,102566,Twitter,,0,1,0,0.0,past
189,102567,Twitter,,0,0,1,0.0,psychological_present
190,102568,Twitter,,0,0,1,0.0,psychological_present
191,102569,Twitter,,1,0,0,0.0,future
192,102570,Twitter,,0,0,0,1.0,factual_present
193,102571,Twitter,,1,0,0,0.0,future
194,102572,Twitter,,0,0,1,0.0,psychological_present
195,102573,Twitter,,0,0,1,0.0,psychological_present
196,102574,Twitter,,1,0,0,0.0,future
197,102575,Twitter,,0,0,0,1.0,factual_present
198,102576,Twitter,,0,0,1,0.0,psychological_present
199,102577,Twitter,,0,0,1,0.0,psychological_present
200,102578,Twitter,,0,0,1,0.0,psychological_present
201,102579,Twitter,,0,0,0,1.0,factual_present
202,102580,Twitter,,0,0,1,0.0,psychological_present
203,102581,Twitter,,0,0,0,1.0,factual_present
204,102582,Twitter,,1,0,0,0.0,future
205,102583,Twitter,,0,0,1,0.0,psychological_present
206,102584,Twitter,,0,0,1,0.0,psychological_present
207,102585,Twitter,,0,1,0,0.0,past
208,102586,Twitter,,0,0,0,1.0,factual_present
209,102587,Twitter,,0,0,0,1.0,factual_present
210,102588,Twitter,,0,1,0,0.0,past
211,102589,Twitter,,1,0,0,0.0,future
212,102590,Twitter,,1,0,0,0.0,future
213,102591,Twitter,,0,1,0,0.0,past
214,102592,Twitter,,1,0,0,0.0,future
215,102593,Twitter,,0,0,1,0.0,psychological_present
216,102594,Twitter,,0,0,1,0.0,psychological_present
217,102595,Twitter,,0,1,0,0.0,past
218,102596,Twitter,,1,0,0,0.0,future
219,102597,Twitter,,1,0,0,0.0,future
220,102598,Twitter,,0,0,1,0.0,psychological_present
221,102599,Twitter,,0,0,0,1.0,factual_present
222,102600,Twitter,,0,0,0,1.0,factual_present
223,102601,Twitter,,0,0,0,1.0,factual_present
224,102602,Twitter,,0,0,1,0.0,psychological_present
225,102603,Twitter,,0,0,0,1.0,factual_present
226,102604,Twitter,,0,0,1,0.0,psychological_present
227,102605,Twitter,,0,1,0,0.0,past
228,102606,Twitter,,1,0,0,0.0,future
229,102607,Twitter,,0,0,0,1.0,factual_present
230,102608,Twitter,,0,1,0,0.0,past
231,102609,Twitter,,0,1,0,0.0,past
232,102610,Twitter,,0,0,1,0.0,psychological_present
233,102611,Twitter,,0,1,0,0.0,past
234,102612,Twitter,,0,0,0,1.0,factual_present
235,102613,Twitter,,0,0,0,1.0,factual_present
236,102614,Twitter,,0,0,1,0.0,psychological_present
237,102615,Twitter,,1,0,0,0.0,future
238,102616,Twitter,,0,0,0,1.0,factual_present
239,102617,Twitter,,0,0,1,0.0,psychological_present
240,102618,Twitter,,0,0,0,1.0,factual_present
241,102619,Twitter,,0,0,1,0.0,psychological_present
242,102620,Twitter,,0,0,0,1.0,factual_present
243,102621,Twitter,,0,1,0,0.0,past
244,102622,Twitter,,0,0,1,0.0,psychological_present
245,102623,Twitter,,0,0,1,0.0,psychological_present
246,102624,Twitter,,0,0,0,1.0,factual_present
247,102625,Twitter,,0,0,0,1.0,factual_present
248,102626,Twitter,,0,0,1,0.0,psychological_present
249,102627,Twitter,,0,0,0,1.0,factual_present
250,102628,Twitter,,0,0,0,1.0,factual_present
251,102629,Twitter,,0,0,1,0.0,psychological_present
252,102630,Twitter,,0,0,1,0.0,psychological_present
253,102631,Twitter,,1,0,0,0.0,future
254,102632,Twitter,,0,0,1,0.0,psychological_present
255,102633,Twitter,,0,0,1,0.0,psychological_present
256,102634,Twitter,,0,0,1,0.0,psychological_present
257,102635,Twitter,,0,0,1,0.0,psychological_present
258,102636,Twitter,,1,0,0,0.0,future
259,102637,Twitter,,0,0,1,0.0,psychological_present
260,102638,Twitter,,0,0,1,0.0,psychological_present
261,102639,Twitter,,1,0,0,0.0,future
262,102640,Twitter,,0,0,0,1.0,factual_present
263,102641,Twitter,,0,0,0,1.0,factual_present
264,102642,Twitter,,0,0,1,0.0,psychological_present
265,102643,Twitter,,1,0,0,0.0,future
266,102644,Twitter,,0,0,0,1.0,factual_present
267,102645,Twitter,,0,0,0,1.0,factual_present
268,102646,Twitter,,1,0,0,0.0,future
269,102647,Twitter,,0,0,0,1.0,factual_present
270,102648,Twitter,,1,0,0,0.0,future
271,102649,Twitter,,0,0,0,1.0,factual_present
272,102650,Twitter,,0,1,0,0.0,past
273,102651,Twitter,,0,0,1,0.0,psychological_present
274,102652,Twitter,,1,0,0,0.0,future
275,102653,Twitter,,0,0,0,1.0,factual_present
276,102654,Twitter,,0,0,0,1.0,factual_present
277,102655,Twitter,,0,1,0,0.0,past
278,102656,Twitter,,0,1,0,0.0,past
279,102657,Twitter,,0,1,0,0.0,past
280,102658,Twitter,,0,0,0,1.0,factual_present
281,102659,Twitter,,0,0,1,0.0,psychological_present
282,102660,Twitter,,1,0,0,0.0,future
283,102661,Twitter,,0,0,0,1.0,factual_present
284,102662,Twitter,,0,0,1,0.0,psychological_present
285,102663,Twitter,,0,0,1,0.0,psychological_present
286,102664,Twitter,,0,0,1,0.0,psychological_present
287,102665,Twitter,,0,0,1,0.0,psychological_present
288,102666,Twitter,,0,0,0,1.0,factual_present
289,102667,Twitter,,1,0,0,0.0,future
290,102668,Twitter,,1,0,0,0.0,future
291,102669,Twitter,,1,0,0,0.0,future
292,102670,Twitter,,0,0,0,1.0,factual_present
293,102671,Twitter,,0,1,0,0.0,past
294,102672,Twitter,,1,0,0,0.0,future
295,102673,Twitter,,0,0,1,0.0,psychological_present
296,102674,Twitter,,0,0,1,0.0,psychological_present
297,102675,Twitter,,0,0,0,1.0,factual_present
298,102676,Twitter,,1,0,0,0.0,future
299,102677,Twitter,,0,1,0,0.0,past
300,102678,Twitter,,0,0,0,1.0,factual_present
301,102679,Twitter,,0,0,0,1.0,factual_present
302,102680,Twitter,,1,0,0,0.0,future
303,102681,Twitter,,0,0,1,0.0,psychological_present
304,102682,Twitter,,0,0,0,1.0,factual_present
305,102683,Twitter,,0,1,0,0.0,past
306,102684,Twitter,,0,0,0,1.0,factual_present
307,102685,Twitter,,0,1,0,0.0,past
308,102686,Twitter,,0,0,1,0.0,psychological_present
309,102687,Twitter,,1,0,0,0.0,future
310,102688,Twitter,,0,1,0,0.0,past
311,102689,Twitter,,0,0,0,1.0,factual_present
312,102690,Twitter,,0,0,0,1.0,factual_present
313,102691,Twitter,,0,0,0,1.0,factual_present
314,102692,Twitter,,1,0,0,0.0,future
315,102693,Twitter,,0,0,1,0.0,psychological_present
316,102694,Twitter,,0,0,0,1.0,factual_present
317,102695,Twitter,,0,1,0,0.0,past
318,102696,Twitter,,0,1,0,0.0,past
319,102697,Twitter,,0,0,0,1.0,factual_present
320,102698,Twitter,,0,0,0,1.0,factual_present
321,102699,Twitter,,0,1,0,0.0,past
322,102700,Twitter,,0,0,0,1.0,factual_present
323,102701,Twitter,,0,0,0,1.0,factual_present
324,102702,Twitter,,0,0,0,1.0,factual_present
325,102703,Twitter,,0,1,0,0.0,past
326,102704,Twitter,,0,0,0,1.0,factual_present
327,102705,Twitter,,0,0,0,1.0,factual_present
328,102706,Twitter,,0,0,0,1.0,factual_present
329,102707,Twitter,,0,0,0,1.0,factual_present
330,102708,Twitter,,0,0,1,0.0,psychological_present
331,102709,Twitter,,0,0,1,0.0,psychological_present
332,102710,Twitter,,0,0,0,1.0,factual_present
333,102711,Twitter,,0,0,0,1.0,factual_present
334,102712,Twitter,,0,1,0,0.0,past
335,102713,Twitter,,0,0,0,1.0,factual_present
336,102714,Twitter,,0,0,1,0.0,psychological_present
337,102715,Twitter,,0,1,0,0.0,past
338,102716,Twitter,,0,1,0,0.0,past
339,102717,Twitter,,0,0,0,1.0,factual_present
340,102718,Twitter,,0,0,0,1.0,factual_present
341,102719,Twitter,,0,0,0,1.0,factual_present
342,102720,Twitter,,0,0,1,0.0,psychological_present
343,102721,Twitter,,1,0,0,0.0,future
344,102722,Twitter,,0,0,1,0.0,psychological_present
345,102723,Twitter,,0,0,1,0.0,psychological_present
346,102724,Twitter,,1,0,0,0.0,future
347,102725,Twitter,,0,0,0,1.0,factual_present
348,102726,Twitter,,0,1,0,0.0,past
349,102727,Twitter,,0,1,0,0.0,past
350,102728,Twitter,,0,0,0,1.0,factual_present
351,102729,Twitter,,0,1,0,0.0,past
352,102730,Twitter,,0,0,0,1.0,factual_present
353,102731,Twitter,,1,0,0,0.0,future
354,102732,Twitter,,0,1,0,0.0,past
355,102733,Twitter,,0,0,0,1.0,factual_present
356,102734,Twitter,,0,0,1,0.0,psychological_present
357,102735,Twitter,,0,1,0,0.0,past
358,102736,Twitter,,0,1,0,0.0,past
359,102737,Twitter,,0,0,1,0.0,psychological_present
360,102738,Twitter,,0,1,0,0.0,past
361,102739,Twitter,,0,0,1,0.0,psychological_present
362,102740,Twitter,,0,1,0,0.0,past
363,102741,Twitter,,0,0,1,0.0,psychological_present
364,102742,Twitter,,0,0,1,0.0,psychological_present
365,102743,Twitter,,0,0,0,1.0,factual_present
366,102744,Twitter,,0,0,1,0.0,psychological_present
367,102745,Twitter,,0,0,1,0.0,psychological_present
368,102746,Twitter,,1,0,0,0.0,future
369,102747,Twitter,,0,0,1,0.0,psychological_present
370,102748,Twitter,,1,0,0,0.0,future
371,102749,Twitter,,0,1,0,0.0,past
372,102750,Twitter,,0,0,1,0.0,psychological_present
373,102751,Twitter,,0,0,0,1.0,factual_present
374,102752,Twitter,,1,0,0,0.0,future
375,102753,Twitter,,0,0,0,1.0,factual_present
376,102754,Twitter,,0,0,1,0.0,psychological_present
377,102755,Twitter,,0,1,0,0.0,past
378,102756,Twitter,,0,0,1,0.0,psychological_present
379,102757,Twitter,,0,0,1,0.0,psychological_present
380,102758,Twitter,,0,0,1,0.0,psychological_present
381,102759,Twitter,,0,1,0,0.0,past
382,102760,Twitter,,0,0,1,0.0,psychological_present
383,102761,Twitter,,0,0,0,1.0,factual_present
384,102762,Twitter,,0,0,0,1.0,factual_present
385,102763,Twitter,,0,0,1,0.0,psychological_present
386,102764,Twitter,,1,0,0,0.0,future
387,102765,Twitter,,0,1,0,0.0,past
388,102766,Twitter,,0,0,0,1.0,factual_present
389,102767,Twitter,,0,0,1,0.0,psychological_present
390,102768,Twitter,,0,0,0,1.0,factual_present
391,102769,Twitter,,1,0,0,0.0,future
392,102770,Twitter,,1,0,0,0.0,future
393,102771,Twitter,,0,0,0,1.0,factual_present
394,102772,Twitter,,1,0,0,0.0,future
395,102773,Twitter,,0,0,0,1.0,factual_present
396,102774,Twitter,,1,0,0,0.0,future
397,102775,Twitter,,1,0,0,0.0,future
398,102776,Twitter,,0,0,0,1.0,factual_present
399,102777,Twitter,,1,0,0,0.0,future
400,102778,Twitter,,0,0,1,0.0,psychological_present
401,102779,Twitter,,0,0,0,1.0,factual_present
402,102780,Twitter,,0,1,0,0.0,past
403,102781,Twitter,,0,0,0,1.0,factual_present
404,102782,Twitter,,0,0,0,1.0,factual_present
405,102783,Twitter,,0,0,0,1.0,factual_present
406,102784,Twitter,,0,0,1,0.0,psychological_present
407,102785,Twitter,,0,0,0,1.0,factual_present
408,102786,Twitter,,0,0,0,1.0,factual_present
409,102787,Twitter,,0,0,0,1.0,factual_present
410,102788,Twitter,,0,0,0,1.0,factual_present
411,102789,Twitter,,0,0,1,0.0,psychological_present
412,102790,Twitter,,0,0,1,0.0,psychological_present
413,102791,Twitter,,0,1,0,0.0,past
414,102792,Twitter,,0,0,0,1.0,factual_present
415,102793,Twitter,,1,0,0,0.0,future
416,102794,Twitter,,0,0,0,1.0,factual_present
417,102795,Twitter,,0,0,0,1.0,factual_present
418,102796,Twitter,,0,0,1,0.0,psychological_present
419,102797,Twitter,,0,0,1,0.0,psychological_present
420,102798,Twitter,,0,0,0,1.0,factual_present
421,102799,Twitter,,1,0,0,0.0,future
422,102800,Twitter,,1,0,0,0.0,future
423,102801,Twitter,,0,0,0,1.0,factual_present
424,102802,Twitter,,0,1,0,0.0,past
425,102803,Twitter,,0,0,0,1.0,factual_present
426,102804,Twitter,,0,0,0,1.0,factual_present
427,102805,Twitter,,0,0,1,0.0,psychological_present
428,102806,Twitter,,0,1,0,0.0,past
429,102807,Twitter,,0,0,0,1.0,factual_present
430,102808,Twitter,,0,0,0,1.0,factual_present
431,102809,Twitter,,0,0,1,0.0,psychological_present
432,102810,Twitter,,0,1,0,0.0,past
433,102811,Twitter,,0,0,1,0.0,psychological_present
434,102812,Twitter,,1,0,0,0.0,future
435,102813,Twitter,,0,0,0,1.0,factual_present
436,102814,Twitter,,0,0,0,1.0,factual_present
437,102815,Twitter,,0,0,1,0.0,psychological_present
438,102816,Twitter,,0,1,0,0.0,past
439,102817,Twitter,,0,0,1,0.0,psychological_present
440,102818,Twitter,,0,0,0,1.0,factual_present
441,102819,Twitter,,1,0,0,0.0,future
442,102820,Twitter,,0,0,1,0.0,psychological_present
443,102821,Twitter,,0,0,0,1.0,factual_present
444,102822,Twitter,,0,1,0,0.0,past
445,102823,Twitter,,0,0,0,1.0,factual_present
446,102824,Twitter,,0,0,0,1.0,factual_present
447,102825,Twitter,,1,0,0,0.0,future
448,102826,Twitter,,0,0,0,1.0,factual_present
449,102827,Twitter,,1,0,0,0.0,future
450,102828,Twitter,,0,1,0,0.0,past
451,102829,Twitter,,1,0,0,0.0,future
452,102830,Twitter,,0,0,0,1.0,factual_present
453,102831,Twitter,,0,0,1,0.0,psychological_present
454,102832,Twitter,,1,0,0,0.0,future
455,102833,Twitter,,0,0,1,0.0,psychological_present
456,102834,Twitter,,1,0,0,0.0,future
457,102835,Twitter,,1,0,0,0.0,future
458,102836,Twitter,,0,0,0,1.0,factual_present
459,102837,Twitter,,0,0,1,0.0,psychological_present
460,102838,Twitter,,1,0,0,0.0,future
461,102839,Twitter,,1,0,0,0.0,future
462,102840,Twitter,,0,0,0,1.0,factual_present
463,102841,Twitter,,0,0,1,0.0,psychological_present
464,102842,Twitter,,0,0,0,1.0,factual_present
465,102843,Twitter,,0,1,0,0.0,past
466,102844,Twitter,,0,0,0,1.0,factual_present
467,102845,Twitter,,0,0,1,0.0,psychological_present
468,102846,Twitter,,0,0,0,1.0,factual_present
469,102847,Twitter,,1,0,0,0.0,future
470,102848,Twitter,,0,0,1,0.0,psychological_present
471,102849,Twitter,,0,0,0,1.0,factual_present
472,102850,Twitter,,0,1,0,0.0,past
473,102851,Twitter,,1,0,0,0.0,future
474,102852,Twitter,,0,1,0,0.0,past
475,102853,Twitter,,0,1,0,0.0,past
476,102854,Twitter,,0,1,0,0.0,past
477,102855,Twitter,,1,0,0,0.0,future
478,102856,Twitter,,1,0,0,0.0,future
479,102857,Twitter,,0,0,1,0.0,psychological_present
480,102858,Twitter,,1,0,0,0.0,future
481,102859,Twitter,,1,0,0,0.0,future
482,102860,Twitter,,0,0,1,0.0,psychological_present
483,102861,Twitter,,0,1,0,0.0,past
484,102862,Twitter,,0,0,1,0.0,psychological_present
485,102863,Twitter,,0,1,0,0.0,past
486,102864,Twitter,,0,0,1,0.0,psychological_present
487,102865,Twitter,,1,0,0,0.0,future
488,102866,Twitter,,0,0,1,0.0,psychological_present
489,102867,Twitter,,0,0,1,0.0,psychological_present
490,102868,Twitter,,0,0,1,0.0,psychological_present
491,102869,Twitter,,0,0,0,1.0,factual_present
492,102870,Twitter,,0,1,0,0.0,past
493,102871,Twitter,,0,0,0,1.0,factual_present
494,102872,Twitter,,0,0,1,0.0,psychological_present
495,102873,Twitter,,0,0,1,0.0,psychological_present
496,102874,Twitter,,0,0,0,1.0,factual_present
497,102875,Twitter,,0,0,0,1.0,factual_present
498,102876,Twitter,,1,0,0,0.0,future
499,102877,Twitter,,0,0,0,1.0,factual_present
500,102878,Twitter,,0,0,1,0.0,psychological_present
501,102879,Twitter,,0,1,0,0.0,past
502,102880,Twitter,,0,0,0,1.0,factual_present
503,102881,Twitter,,1,0,0,0.0,future
504,102882,Twitter,,0,1,0,0.0,past
505,102883,Twitter,,0,0,1,0.0,psychological_present
506,102884,Twitter,,0,0,0,1.0,factual_present
507,102885,Twitter,,0,1,0,0.0,past
508,102886,Twitter,,1,0,0,0.0,future
509,102887,Twitter,,0,0,1,0.0,psychological_present
510,102888,Twitter,,0,0,1,0.0,psychological_present
511,102889,Twitter,,1,0,0,0.0,future
512,102890,Twitter,,0,0,1,0.0,psychological_present
513,102891,Twitter,,0,1,0,0.0,past
514,102892,Twitter,,1,0,0,0.0,future
515,102893,Twitter,,0,0,1,0.0,psychological_present
516,102894,Twitter,,0,0,1,0.0,psychological_present
517,102895,Twitter,,0,0,1,0.0,psychological_present
518,102896,Twitter,,0,0,1,0.0,psychological_present
519,102897,Twitter,,0,1,0,0.0,past
520,102898,Twitter,,1,0,0,0.0,future
521,102899,Twitter,,0,0,0,1.0,factual_present
522,102900,Twitter,,1,0,0,0.0,future
523,102901,Twitter,,0,0,0,1.0,factual_present
524,102902,Twitter,,0,0,1,0.0,psychological_present
525,102903,Twitter,,0,0,1,0.0,psychological_present
526,102904,Twitter,,0,0,0,1.0,factual_present
527,102905,Twitter,,0,0,0,1.0,factual_present
528,102906,Twitter,,0,0,0,1.0,factual_present
529,102907,Twitter,,1,0,0,0.0,future
530,102908,Twitter,,0,1,0,0.0,past
531,102909,Twitter,,0,0,1,0.0,psychological_present
532,102910,Twitter,,0,0,1,0.0,psychological_present
533,102911,Twitter,,0,0,0,1.0,factual_present
534,102912,Twitter,,0,0,0,1.0,factual_present
535,102913,Twitter,,0,0,1,0.0,psychological_present
536,102914,Twitter,,0,0,0,1.0,factual_present
537,102915,Twitter,,0,0,0,1.0,factual_present
538,102916,Twitter,,0,0,0,1.0,factual_present
539,102917,Twitter,,0,0,0,1.0,factual_present
540,102918,Twitter,,0,0,0,1.0,factual_present
541,102919,Twitter,,0,0,1,0.0,psychological_present
542,102920,Twitter,,1,0,0,0.0,future
543,102921,Twitter,,0,1,0,0.0,past
544,102922,Twitter,,0,0,0,1.0,factual_present
545,102923,Twitter,,0,0,0,1.0,factual_present
546,102924,Twitter,,0,1,0,0.0,past
547,102925,Twitter,,0,0,0,1.0,factual_present
548,102926,Twitter,,0,0,1,0.0,psychological_present
549,102927,Twitter,,0,1,0,0.0,past
550,102928,Twitter,,1,0,0,0.0,future
551,102929,Twitter,,1,0,0,0.0,future
552,102930,Twitter,,0,1,0,0.0,past
553,102931,Twitter,,0,0,0,1.0,factual_present
554,102932,Twitter,,1,0,0,0.0,future
555,102933,Twitter,,0,0,1,0.0,psychological_present
556,102934,Twitter,,0,0,0,1.0,factual_present
557,102935,Twitter,,0,0,1,0.0,psychological_present
558,102936,Twitter,,1,0,0,0.0,future
559,102937,Twitter,,1,0,0,0.0,future
560,102938,Twitter,,0,0,1,0.0,psychological_present
561,102939,Twitter,,0,1,0,0.0,past
562,102940,Twitter,,0,1,0,0.0,past
563,102941,Twitter,,0,1,0,0.0,past
564,102942,Twitter,,0,0,1,0.0,psychological_present
565,102943,Twitter,,1,0,0,0.0,future
566,102944,Twitter,,0,0,0,1.0,factual_present
567,102945,Twitter,,0,0,1,0.0,psychological_present
568,102946,Twitter,,0,0,0,1.0,factual_present
569,102947,Twitter,,1,0,0,0.0,future
570,102948,Twitter,,0,1,0,0.0,past
571,102949,Twitter,,0,0,0,1.0,factual_present
572,102950,Twitter,,1,0,0,0.0,future
573,102951,Twitter,,0,0,0,1.0,factual_present
574,102952,Twitter,,0,1,0,0.0,past
575,102953,Twitter,,1,0,0,0.0,future
576,102954,Twitter,,0,1,0,0.0,past
577,102955,Twitter,,0,0,0,1.0,factual_present
578,102956,Twitter,,0,0,0,1.0,factual_present
579,102957,Twitter,,1,0,0,0.0,future
580,102958,Twitter,,1,0,0,0.0,future
581,102959,Twitter,,0,0,1,0.0,psychological_present
582,102960,Twitter,,0,0,1,0.0,psychological_present
583,102961,Twitter,,0,0,1,0.0,psychological_present
584,102962,Twitter,,1,0,0,0.0,future
585,102963,Twitter,,0,0,0,1.0,factual_present
586,102964,Twitter,,0,1,0,0.0,past
587,102965,Twitter,,0,0,1,0.0,psychological_present
588,102966,Twitter,,0,0,0,1.0,factual_present
589,102967,Twitter,,0,0,0,1.0,factual_present
590,102968,Twitter,,0,1,0,0.0,past
591,102969,Twitter,,0,0,0,1.0,factual_present
592,102970,Twitter,,0,1,0,0.0,past
593,102971,Twitter,,0,0,0,1.0,factual_present
594,102972,Twitter,,0,0,1,0.0,psychological_present
595,102973,Twitter,,1,0,0,0.0,future
596,102974,Twitter,,0,0,0,1.0,factual_present
597,102975,Twitter,,1,0,0,0.0,future
598,102976,Twitter,,0,0,0,1.0,factual_present
599,102977,Twitter,,0,0,0,1.0,factual_present
600,102978,Twitter,,0,0,1,0.0,psychological_present
601,102979,Twitter,,1,0,0,0.0,future
602,102980,Twitter,,0,0,1,0.0,psychological_present
603,102981,Twitter,,0,1,0,0.0,past
604,102982,Twitter,,0,0,1,0.0,psychological_present
605,102983,Twitter,,1,0,0,0.0,future
606,102984,Twitter,,1,0,0,0.0,future
607,102985,Twitter,,1,0,0,0.0,future
608,102986,Twitter,,1,0,0,0.0,future
609,102987,Twitter,,0,1,0,0.0,past
610,102988,Twitter,,0,0,1,0.0,psychological_present
611,102989,Twitter,,0,0,1,0.0,psychological_present
612,102990,Twitter,,0,1,0,0.0,past
613,102991,Twitter,,0,0,0,1.0,factual_present
614,102992,Twitter,,0,0,0,1.0,factual_present
615,102993,Twitter,,0,0,1,0.0,psychological_present
616,102994,Twitter,,0,0,1,0.0,psychological_present
617,102995,Twitter,,0,0,1,0.0,psychological_present
618,102996,Twitter,,0,0,0,1.0,factual_present
619,102997,Twitter,,0,0,1,0.0,psychological_present
620,102998,Twitter,,1,0,0,0.0,future
621,102999,Twitter,,0,0,1,0.0,psychological_present
622,103000,Twitter,,0,1,0,0.0,past
623,103001,Twitter,,0,0,0,1.0,factual_present
624,103002,Twitter,,0,0,0,1.0,factual_present
625,103003,Twitter,,1,0,0,0.0,future
626,103004,Twitter,,0,1,0,0.0,past
627,103005,Twitter,,0,0,0,1.0,factual_present
628,103006,Twitter,,0,0,1,0.0,psychological_present
629,103007,Twitter,,0,0,0,1.0,factual_present
630,103008,Twitter,,0,0,0,1.0,factual_present
631,103009,Twitter,,0,0,0,1.0,factual_present
632,103010,Twitter,,0,0,0,1.0,factual_present
633,103011,Twitter,,0,0,0,1.0,factual_present
634,103012,Twitter,,0,0,0,1.0,factual_present
635,103013,Twitter,,0,1,0,0.0,past
636,103014,Twitter,,0,1,0,0.0,past
637,103015,Twitter,,0,0,0,1.0,factual_present
638,103016,Twitter,,0,0,0,1.0,factual_present
639,103017,Twitter,,0,0,0,1.0,factual_present
640,103018,Twitter,,1,0,0,0.0,future
641,103019,Twitter,,0,0,1,0.0,psychological_present
642,103020,Twitter,,0,0,1,0.0,psychological_present
643,103021,Twitter,,0,0,0,1.0,factual_present
644,103022,Twitter,,0,0,0,1.0,factual_present
645,103023,Twitter,,1,0,0,0.0,future
646,103024,Twitter,,0,0,0,1.0,factual_present
647,103025,Twitter,,0,0,1,0.0,psychological_present
648,103026,Twitter,,0,1,0,0.0,past
649,103027,Twitter,,1,0,0,0.0,future
650,103028,Twitter,,0,0,0,1.0,factual_present
651,103029,Twitter,,0,0,0,1.0,factual_present
652,103030,Twitter,,1,0,0,0.0,future
653,103031,Twitter,,0,0,0,1.0,factual_present
654,103032,Twitter,,0,0,0,1.0,factual_present
655,103033,Twitter,,0,0,0,1.0,factual_present
656,103034,Twitter,,0,1,0,0.0,past
657,103035,Twitter,,0,0,0,1.0,factual_present
658,103036,Twitter,,0,0,1,0.0,psychological_present
659,103037,Twitter,,0,0,0,1.0,factual_present
660,103038,Twitter,,0,1,0,0.0,past
661,103039,Twitter,,0,0,1,0.0,psychological_present
662,103040,Twitter,,1,0,0,0.0,future
663,103041,Twitter,,0,1,0,0.0,past
664,103042,Twitter,,0,0,0,1.0,factual_present
665,103043,Twitter,,0,0,1,0.0,psychological_present
666,103044,Twitter,,1,0,0,0.0,future
667,103045,Twitter,,1,0,0,0.0,future
668,103046,Twitter,,0,0,0,1.0,factual_present
669,103047,Twitter,,0,0,1,0.0,psychological_present
670,103048,Twitter,,1,0,0,0.0,future
671,103049,Twitter,,0,0,0,1.0,factual_present
672,103050,Twitter,,0,0,0,1.0,factual_present
673,103051,Twitter,,0,0,1,0.0,psychological_present
674,103052,Twitter,,1,0,0,0.0,future
675,103053,Twitter,,0,0,1,0.0,psychological_present
676,103054,Twitter,,1,0,0,0.0,future
677,103055,Twitter,,0,0,0,1.0,factual_present
678,103056,Twitter,,0,0,0,1.0,factual_present
679,103057,Twitter,,1,0,0,0.0,future
680,103058,Twitter,,1,0,0,0.0,future
681,103059,Twitter,,0,1,0,0.0,past
682,103060,Twitter,,1,0,0,0.0,future
683,103061,Twitter,,0,0,0,1.0,factual_present
684,103062,Twitter,,0,1,0,0.0,past
685,103063,Twitter,,0,0,1,0.0,psychological_present
686,103064,Twitter,,0,0,0,1.0,factual_present
687,103065,Twitter,,0,1,0,0.0,past
688,103066,Twitter,,0,0,0,1.0,factual_present
689,103067,Twitter,,1,0,0,0.0,future
690,103068,Twitter,,0,0,0,1.0,factual_present
691,103069,Twitter,,0,0,0,1.0,factual_present
692,103070,Twitter,,0,0,1,0.0,psychological_present
693,103071,Twitter,,1,0,0,0.0,future
694,103072,Twitter,,0,0,0,1.0,factual_present
695,103073,Twitter,,0,0,0,1.0,factual_present
696,103074,Twitter,,0,0,0,1.0,factual_present
697,103075,Twitter,,0,0,0,1.0,factual_present
698,103076,Twitter,,0,0,1,0.0,psychological_present
699,103077,Twitter,,0,0,1,0.0,psychological_present
700,103078,Twitter,,0,0,0,1.0,factual_present
701,103079,Twitter,,0,0,1,0.0,psychological_present
702,103080,Twitter,,0,0,1,0.0,psychological_present
703,103081,Twitter,,0,0,1,0.0,psychological_present
704,103082,Twitter,,0,0,0,1.0,factual_present
705,103083,Twitter,,0,0,0,1.0,factual_present
706,103084,Twitter,,0,0,1,0.0,psychological_present
707,103085,Twitter,,0,0,0,1.0,factual_present
708,103086,Twitter,,0,1,0,0.0,past
709,103087,Twitter,,0,1,0,0.0,past
710,103088,Twitter,,1,0,0,0.0,future
711,103089,Twitter,,0,0,0,1.0,factual_present
712,103090,Twitter,,1,0,0,0.0,future
713,103091,Twitter,,0,0,0,1.0,factual_present
714,103092,Twitter,,1,0,0,0.0,future
715,103093,Twitter,,0,0,1,0.0,psychological_present
716,103094,Twitter,,0,0,0,1.0,factual_present
717,103095,Twitter,,1,0,0,0.0,future
718,103096,Twitter,,0,1,0,0.0,past
719,103097,Twitter,,1,0,0,0.0,future
720,103098,Twitter,,0,1,0,0.0,past
721,103099,Twitter,,0,0,0,1.0,factual_present
722,103100,Twitter,,0,0,1,0.0,psychological_present
723,103101,Twitter,,0,1,0,0.0,past
724,103102,Twitter,,0,0,0,1.0,factual_present
725,103103,Twitter,,0,0,1,0.0,psychological_present
726,103104,Twitter,,0,0,1,0.0,psychological_present
727,103105,Twitter,,0,1,0,0.0,past
728,103106,Twitter,,1,0,0,0.0,future
729,103107,Twitter,,1,0,0,0.0,future
730,103108,Twitter,,0,0,0,1.0,factual_present
731,103109,Twitter,,0,0,0,1.0,factual_present
732,103110,Twitter,,0,1,0,0.0,past
733,103111,Twitter,,0,0,0,1.0,factual_present
734,103112,Twitter,,1,0,0,0.0,future
735,103113,Twitter,,0,0,1,0.0,psychological_present
736,103114,Twitter,,0,0,0,1.0,factual_present
737,103115,Twitter,,1,0,0,0.0,future
738,103116,Twitter,,1,0,0,0.0,future
739,103117,Twitter,,0,0,1,0.0,psychological_present
740,103118,Twitter,,0,0,1,0.0,psychological_present
741,103119,Twitter,,1,0,0,0.0,future
742,103120,Twitter,,0,0,1,0.0,psychological_present
743,103121,Twitter,,0,0,0,1.0,factual_present
744,103122,Twitter,,0,0,1,0.0,psychological_present
745,103123,Twitter,,0,1,0,0.0,past
746,103124,Twitter,,0,0,0,1.0,factual_present
747,103125,Twitter,,1,0,0,0.0,future
748,103126,Twitter,,0,0,1,0.0,psychological_present
749,103127,Twitter,,0,0,0,1.0,factual_present
750,103128,Twitter,,0,0,0,1.0,factual_present
751,103129,Twitter,,1,0,0,0.0,future
752,103130,Twitter,,0,1,0,0.0,past
753,103131,Twitter,,0,0,0,1.0,factual_present
754,103132,Twitter,,0,0,0,1.0,factual_present
755,103133,Twitter,,0,1,0,0.0,past
756,103134,Twitter,,0,0,0,1.0,factual_present
757,103135,Twitter,,0,1,0,0.0,past
758,103136,Twitter,,0,1,0,0.0,past
759,103137,Twitter,,0,1,0,0.0,past
760,103138,Twitter,,1,0,0,0.0,future
761,103139,Twitter,,1,0,0,0.0,future
762,103140,Twitter,,0,1,0,0.0,past
763,103141,Twitter,,1,0,0,0.0,future
764,103142,Twitter,,0,0,1,0.0,psychological_present
765,103143,Twitter,,1,0,0,0.0,future
766,103144,Twitter,,0,0,1,0.0,psychological_present
767,103145,Twitter,,0,0,0,1.0,factual_present
768,103146,Twitter,,0,0,0,1.0,factual_present
769,103147,Twitter,,0,0,1,0.0,psychological_present
770,103148,Twitter,,0,0,1,0.0,psychological_present
771,103149,Twitter,,1,0,0,0.0,future
772,103150,Twitter,,0,0,1,0.0,psychological_present
773,103151,Twitter,,1,0,0,0.0,future
774,103152,Twitter,,0,0,0,1.0,factual_present
775,103153,Twitter,,0,0,1,0.0,psychological_present
776,103154,Twitter,,0,1,0,0.0,past
777,103155,Twitter,,1,0,0,0.0,future
778,103156,Twitter,,0,0,0,1.0,factual_present
779,103157,Twitter,,0,0,1,0.0,psychological_present
780,103158,Twitter,,0,0,0,1.0,factual_present
781,103159,Twitter,,0,0,1,0.0,psychological_present
782,103160,Twitter,,1,0,0,0.0,future
783,103161,Twitter,,0,0,0,1.0,factual_present
784,103162,Twitter,,0,1,0,0.0,past
785,103163,Twitter,,0,1,0,0.0,past
786,103164,Twitter,,0,0,0,1.0,factual_present
787,103165,Twitter,,1,0,0,0.0,future
788,103166,Twitter,,0,0,0,1.0,factual_present
789,103167,Twitter,,0,0,0,1.0,factual_present
790,103168,Twitter,,1,0,0,0.0,future
791,103169,Twitter,,0,1,0,0.0,past
792,103170,Twitter,,0,1,0,0.0,past
793,103171,Twitter,,0,0,0,1.0,factual_present
794,103172,Twitter,,0,0,0,1.0,factual_present
795,103173,Twitter,,1,0,0,0.0,future
796,103174,Twitter,,1,0,0,0.0,future
797,103175,Twitter,,0,0,1,0.0,psychological_present
798,103176,Twitter,,0,0,0,1.0,factual_present
799,103177,Twitter,,0,1,0,0.0,past
800,103178,Twitter,,0,0,0,1.0,factual_present
801,103179,Twitter,,0,1,0,0.0,past
802,103180,Twitter,,1,0,0,0.0,future
803,103181,Twitter,,0,0,1,0.0,psychological_present
804,103182,Twitter,,0,0,1,0.0,psychological_present
805,103183,Twitter,,1,0,0,0.0,future
806,103184,Twitter,,0,0,1,0.0,psychological_present
807,103185,Twitter,,0,0,1,0.0,psychological_present
808,103186,Twitter,,0,1,0,0.0,past
809,103187,Twitter,,1,0,0,0.0,future
810,103188,Twitter,,0,0,1,0.0,psychological_present
811,103189,Twitter,,1,0,0,0.0,future
812,103190,Twitter,,0,0,1,0.0,psychological_present
813,103191,Twitter,,0,0,1,0.0,psychological_present
814,103192,Twitter,,1,0,0,0.0,future
815,103193,Twitter,,0,0,0,1.0,factual_present
816,103194,Twitter,,0,1,0,0.0,past
817,103195,Twitter,,1,0,0,0.0,future
818,103196,Twitter,,1,0,0,0.0,future
819,103197,Twitter,,0,0,0,1.0,factual_present
820,103198,Twitter,,0,0,1,0.0,psychological_present
821,103199,Twitter,,1,0,0,0.0,future
822,103200,Twitter,,0,0,1,0.0,psychological_present
823,103201,Twitter,,0,0,1,0.0,psychological_present
824,103202,Twitter,,1,0,0,0.0,future
825,103203,Twitter,,0,0,1,0.0,psychological_present
826,103204,Twitter,,0,0,0,1.0,factual_present
827,103205,Twitter,,0,0,1,0.0,psychological_present
828,103206,Twitter,,0,0,0,1.0,factual_present
829,103207,Twitter,,1,0,0,0.0,future
830,103208,Twitter,,0,0,0,1.0,factual_present
831,103209,Twitter,,0,0,1,0.0,psychological_present
832,103210,Twitter,,1,0,0,0.0,future
833,103211,Twitter,,0,0,0,1.0,factual_present
834,103212,Twitter,,0,0,1,0.0,psychological_present
835,103213,Twitter,,0,0,1,0.0,psychological_present
836,103214,Twitter,,1,0,0,0.0,future
837,103215,Twitter,,1,0,0,0.0,future
838,103216,Twitter,,0,1,0,0.0,past
839,103217,Twitter,,0,0,0,1.0,factual_present
840,103218,Twitter,,0,1,0,0.0,past
841,103219,Twitter,,1,0,0,0.0,future
842,103220,Twitter,,0,0,0,1.0,factual_present
843,103221,Twitter,,0,1,0,0.0,past
844,103222,Twitter,,0,0,1,0.0,psychological_present
845,103223,Twitter,,0,0,0,1.0,factual_present
846,103224,Twitter,,0,0,0,1.0,factual_present
847,103225,Twitter,,0,1,0,0.0,past
848,103226,Twitter,,1,0,0,0.0,future
849,103227,Twitter,,0,0,1,0.0,psychological_present
850,103228,Twitter,,1,0,0,0.0,future
851,103229,Twitter,,0,0,0,1.0,factual_present
852,103230,Twitter,,0,0,0,1.0,factual_present
853,103231,Twitter,,0,0,0,1.0,factual_present
854,103232,Twitter,,0,0,0,1.0,factual_present
855,103233,Twitter,,0,0,0,1.0,factual_present
856,103234,Twitter,,0,0,0,1.0,factual_present
857,103235,Twitter,,0,1,0,0.0,past
858,103236,Twitter,,1,0,0,0.0,future
859,103237,Twitter,,1,0,0,0.0,future
860,103238,Twitter,,1,0,0,0.0,future
861,103239,Twitter,,0,0,1,0.0,psychological_present
862,103240,Twitter,,0,1,0,0.0,past
863,103241,Twitter,,0,0,1,0.0,psychological_present
864,103242,Twitter,,0,0,0,1.0,factual_present
865,103243,Twitter,,0,0,0,1.0,factual_present
866,103244,Twitter,,0,0,0,1.0,factual_present
867,103245,Twitter,,0,0,0,1.0,factual_present
868,103246,Twitter,,0,0,0,1.0,factual_present
869,103247,Twitter,,0,1,0,0.0,past
870,103248,Twitter,,0,0,1,0.0,psychological_present
871,103249,Twitter,,0,0,0,1.0,factual_present
872,103250,Twitter,,0,1,0,0.0,past
873,103251,Twitter,,0,1,0,0.0,past
874,103252,Twitter,,0,0,1,0.0,psychological_present
875,103253,Twitter,,0,0,1,0.0,psychological_present
876,103254,Twitter,,0,0,1,0.0,psychological_present
877,103255,Twitter,,0,0,0,1.0,factual_present
878,103256,Twitter,,1,0,0,0.0,future
879,103257,Twitter,,0,0,1,0.0,psychological_present
880,103258,Twitter,,0,0,0,1.0,factual_present
881,103259,Twitter,,0,0,1,0.0,psychological_present
882,103260,Twitter,,0,1,0,0.0,past
883,103261,Twitter,,0,0,0,1.0,factual_present
884,103262,Twitter,,1,0,0,0.0,future
885,103263,Twitter,,1,0,0,0.0,future
886,103264,Twitter,,0,0,1,0.0,psychological_present
887,103265,Twitter,,0,0,1,0.0,psychological_present
888,103266,Twitter,,1,0,0,0.0,future
889,103267,Twitter,,0,1,0,0.0,past
890,103268,Twitter,,0,0,0,1.0,factual_present
891,103269,Twitter,,0,1,0,0.0,past
892,103270,Twitter,,0,1,0,0.0,past
893,103271,Twitter,,0,0,0,1.0,factual_present
894,103272,Twitter,,0,1,0,0.0,past
895,103273,Twitter,,0,0,1,0.0,psychological_present
896,103274,Twitter,,1,0,0,0.0,future
897,103275,Twitter,,0,0,1,0.0,psychological_present
898,103276,Twitter,,0,0,0,1.0,factual_present
899,103277,Twitter,,0,0,0,1.0,factual_present
900,103278,Twitter,,0,1,0,0.0,past
901,103279,Twitter,,0,1,0,0.0,past
902,103280,Twitter,,1,0,0,0.0,future
903,103281,Twitter,,1,0,0,0.0,future
904,103282,Twitter,,0,1,0,0.0,past
905,103283,Twitter,,0,0,1,0.0,psychological_present
906,103284,Twitter,,1,0,0,0.0,future
907,103285,Twitter,,0,0,1,0.0,psychological_present
908,103286,Twitter,,0,0,0,1.0,factual_present
909,103287,Twitter,,1,0,0,0.0,future
910,103288,Twitter,,1,0,0,0.0,future
911,103289,Twitter,,0,0,1,0.0,psychological_present
912,103290,Twitter,,0,0,0,1.0,factual_present
913,103291,Twitter,,0,1,0,0.0,past
914,103292,Twitter,,1,0,0,0.0,future
915,103293,Twitter,,0,0,1,0.0,psychological_present
916,103294,Twitter,,0,0,1,0.0,psychological_present
917,103295,Twitter,,1,0,0,0.0,future
918,103296,Twitter,,0,1,0,0.0,past
919,103297,Twitter,,1,0,0,0.0,future
920,103298,Twitter,,0,1,0,0.0,past
921,103299,Twitter,,0,1,0,0.0,past
922,103300,Twitter,,0,0,1,0.0,psychological_present
923,103301,Twitter,,0,0,0,1.0,factual_present
924,103302,Twitter,,0,0,1,0.0,psychological_present
925,103303,Twitter,,0,0,1,0.0,psychological_present
926,103304,Twitter,,0,0,0,1.0,factual_present
927,103305,Twitter,,0,0,0,1.0,factual_present
928,103306,Twitter,,0,1,0,0.0,past
929,103307,Twitter,,0,1,0,0.0,past
930,103308,Twitter,,0,0,0,1.0,factual_present
931,103309,Twitter,,0,1,0,0.0,past
932,103310,Twitter,,0,0,0,1.0,factual_present
933,103311,Twitter,,0,0,1,0.0,psychological_present
934,103312,Twitter,,0,0,1,0.0,psychological_present
935,103313,Twitter,,0,1,0,0.0,past
936,103314,Twitter,,0,0,1,0.0,psychological_present
937,103315,Twitter,,1,0,0,0.0,future
938,103316,Twitter,,0,0,0,1.0,factual_present
939,103317,Twitter,,0,0,1,0.0,psychological_present
940,103318,Twitter,,0,1,0,0.0,past
941,103319,Twitter,,1,0,0,0.0,future
942,103320,Twitter,,0,1,0,0.0,past
943,103321,Twitter,,0,0,1,0.0,psychological_present
944,103322,Twitter,,0,0,0,1.0,factual_present
945,103323,Twitter,,0,0,1,0.0,psychological_present
946,103324,Twitter,,0,0,0,1.0,factual_present
947,103325,Twitter,,0,1,0,0.0,past
948,103326,Twitter,,0,0,1,0.0,psychological_present
949,103327,Twitter,,0,0,1,0.0,psychological_present
950,103328,Twitter,,0,1,0,0.0,past
951,103329,Twitter,,0,0,1,0.0,psychological_present
952,103330,Twitter,,0,0,1,0.0,psychological_present
953,103331,Twitter,,0,1,0,0.0,past
954,103332,Twitter,,0,0,1,0.0,psychological_present
955,103333,Twitter,,0,0,0,1.0,factual_present
956,103334,Twitter,,0,1,0,0.0,past
957,103335,Twitter,,0,0,0,1.0,factual_present
958,103336,Twitter,,0,0,1,0.0,psychological_present
959,103337,Twitter,,0,1,0,0.0,past
960,103338,Twitter,,0,0,0,1.0,factual_present
961,103339,Twitter,,0,0,0,1.0,factual_present
962,103340,Twitter,,0,0,1,0.0,psychological_present
963,103341,Twitter,,0,0,0,1.0,factual_present
964,103342,Twitter,,0,1,0,0.0,past
965,103343,Twitter,,0,1,0,0.0,past
966,103344,Twitter,,0,0,1,0.0,psychological_present
967,103345,Twitter,,0,0,1,0.0,psychological_present
968,103346,Twitter,,0,1,0,0.0,past
969,103347,Twitter,,0,0,1,0.0,psychological_present
970,103348,Twitter,,0,0,0,1.0,factual_present
971,103349,Twitter,,0,0,1,0.0,psychological_present
972,103350,Twitter,,0,0,0,1.0,factual_present
973,103351,Twitter,,1,0,0,0.0,future
974,103352,Twitter,,1,0,0,0.0,future
975,103353,Twitter,,0,0,0,1.0,factual_present
976,103354,Twitter,,0,0,1,0.0,psychological_present
977,103355,Twitter,,0,0,1,0.0,psychological_present
978,103356,Twitter,,0,0,1,0.0,psychological_present
979,103357,Twitter,,0,1,0,0.0,past
980,103358,Twitter,,1,0,0,0.0,future
981,103359,Twitter,,0,0,0,1.0,factual_present
982,103360,Twitter,,0,0,0,1.0,factual_present
983,103361,Twitter,,0,1,0,0.0,past
984,103362,Twitter,,0,0,0,1.0,factual_present
985,103363,Twitter,,0,0,0,1.0,factual_present
986,103364,Twitter,,1,0,0,0.0,future
987,103365,Twitter,,0,1,0,0.0,past
988,103366,Twitter,,0,0,1,0.0,psychological_present
989,103367,Twitter,,0,0,1,0.0,psychological_present
990,103368,Twitter,,1,0,0,0.0,future
991,103369,Twitter,,0,0,0,1.0,factual_present
992,103370,Twitter,,0,1,0,0.0,past
993,103371,Twitter,,0,1,0,0.0,past
994,103372,Twitter,,1,0,0,0.0,future
995,103373,Twitter,,0,0,1,0.0,psychological_present
996,103374,Twitter,,0,1,0,0.0,past
997,103375,Twitter,,0,1,0,0.0,past
998,103376,Twitter,,0,1,0,0.0,past
999,103377,Twitter,,0,0,0,1.0,factual_present
1000,103378,Twitter,,0,1,0,0.0,past
1001,103379,Twitter,,0,0,1,0.0,psychological_present
1002,103380,Twitter,,0,0,0,1.0,factual_present
1003,103381,Twitter,,0,1,0,0.0,past
1004,103382,Twitter,,0,1,0,0.0,past
1005,103383,Twitter,,0,0,0,1.0,factual_present
1006,103384,Twitter,,1,0,0,0.0,future
1007,103385,Twitter,,0,1,0,0.0,past
1008,103386,Twitter,,0,1,0,0.0,past
1009,103387,Twitter,,1,0,0,0.0,future
1010,103388,Twitter,,0,0,1,0.0,psychological_present
1011,103389,Twitter,,0,0,0,1.0,factual_present
1012,103390,Twitter,,1,0,0,0.0,future
1013,103391,Twitter,,1,0,0,0.0,future
1014,103392,Twitter,,0,0,0,1.0,factual_present
1015,103393,Twitter,,0,0,0,1.0,factual_present
1016,103394,Twitter,,1,0,0,0.0,future
1017,103395,Twitter,,0,0,0,1.0,factual_present
1018,103396,Twitter,,1,0,0,0.0,future
1019,103397,Twitter,,0,1,0,0.0,past
1020,103398,Twitter,,0,0,0,1.0,factual_present
1021,103399,Twitter,,0,0,1,0.0,psychological_present
1022,103400,Twitter,,0,0,0,1.0,factual_present
1023,103401,Twitter,,0,0,0,1.0,factual_present
1024,103402,Twitter,,0,0,0,1.0,factual_present
1025,103403,Twitter,,0,0,0,1.0,factual_present
1026,103404,Twitter,,0,0,0,1.0,factual_present
1027,103405,Twitter,,0,0,0,1.0,factual_present
1028,103406,Twitter,,0,0,1,0.0,psychological_present
1029,103407,Twitter,,0,1,0,0.0,past
1030,103408,Twitter,,0,0,0,1.0,factual_present
1031,103409,Twitter,,0,0,0,1.0,factual_present
1032,103410,Twitter,,1,0,0,0.0,future
1033,103411,Twitter,,0,0,1,0.0,psychological_present
1034,103412,Twitter,,0,0,0,1.0,factual_present
1035,103413,Twitter,,0,1,0,0.0,past
1036,103414,Twitter,,0,0,0,1.0,factual_present
1037,103415,Twitter,,0,0,0,1.0,factual_present
1038,103416,Twitter,,0,1,0,0.0,past
1039,103417,Twitter,,0,0,0,1.0,factual_present
1040,103418,Twitter,,0,0,1,0.0,psychological_present
1041,103419,Twitter,,0,0,0,1.0,factual_present
1042,103420,Twitter,,0,0,1,0.0,psychological_present
1043,103421,Twitter,,0,0,1,0.0,psychological_present
1044,103422,Twitter,,0,0,1,0.0,psychological_present
1045,103423,Twitter,,0,0,1,0.0,psychological_present
1046,103424,Twitter,,0,1,0,0.0,past
1047,103425,Twitter,,0,0,0,1.0,factual_present
1048,103426,Twitter,,0,1,0,0.0,past
1049,103427,Twitter,,0,0,1,0.0,psychological_present
1050,103428,Twitter,,0,0,0,1.0,factual_present
1051,103429,Twitter,,0,0,0,1.0,factual_present
1052,103430,Twitter,,0,0,0,1.0,factual_present
1053,103431,Twitter,,0,0,1,0.0,psychological_present
1054,103432,Twitter,,0,1,0,0.0,past
1055,103433,Twitter,,1,0,0,0.0,future
1056,103434,Twitter,,0,1,0,0.0,past
1057,103435,Twitter,,0,0,0,1.0,factual_present
1058,103436,Twitter,,0,0,1,0.0,psychological_present
1059,103437,Twitter,,0,0,0,1.0,factual_present
1060,103438,Twitter,,0,1,0,0.0,past
1061,103439,Twitter,,0,1,0,0.0,past
1062,103440,Twitter,,1,0,0,0.0,future
1063,103441,Twitter,,0,0,0,1.0,factual_present
1064,103442,Twitter,,1,0,0,0.0,future
1065,103443,Twitter,,1,0,0,0.0,future
1066,103444,Twitter,,0,0,0,1.0,factual_present
1067,103445,Twitter,,0,0,0,1.0,factual_present
1068,103446,Twitter,,0,0,0,1.0,factual_present
1069,103447,Twitter,,0,1,0,0.0,past
1070,103448,Twitter,,1,0,0,0.0,future
1071,103449,Twitter,,0,0,0,1.0,factual_present
1072,103450,Twitter,,0,1,0,0.0,past
1073,103451,Twitter,,0,0,0,1.0,factual_present
1074,103452,Twitter,,0,1,0,0.0,past
1075,103453,Twitter,,0,0,0,1.0,factual_present
1076,103454,Twitter,,0,1,0,0.0,past
1077,103455,Twitter,,0,1,0,0.0,past
1078,103456,Twitter,,0,0,0,1.0,factual_present
1079,103457,Twitter,,0,0,1,0.0,psychological_present
1080,103458,Twitter,,0,0,1,0.0,psychological_present
1081,103459,Twitter,,0,0,0,1.0,factual_present
1082,103460,Twitter,,0,1,0,0.0,past
1083,103461,Twitter,,0,1,0,0.0,past
1084,103462,Twitter,,0,0,1,0.0,psychological_present
1085,103463,Twitter,,1,0,0,0.0,future
1086,103464,Twitter,,0,0,0,1.0,factual_present
1087,103465,Twitter,,1,0,0,0.0,future
1088,103466,Twitter,,0,0,0,1.0,factual_present
1089,103467,Twitter,,0,0,1,0.0,psychological_present
1090,103468,Twitter,,0,0,1,0.0,psychological_present
1091,103469,Twitter,,1,0,0,0.0,future
1092,103470,Twitter,,0,1,0,0.0,past
1093,103471,Twitter,,1,0,0,0.0,future
1094,103472,Twitter,,1,0,0,0.0,future
1095,103473,Twitter,,0,1,0,0.0,past
1096,103474,Twitter,,0,1,0,0.0,past
1097,103475,Twitter,,0,1,0,0.0,past
1098,103476,Twitter,,0,0,1,0.0,psychological_present
1099,103477,Twitter,,0,0,0,1.0,factual_present
1100,103478,Twitter,,0,0,0,1.0,factual_present
1101,103479,Twitter,,0,1,0,0.0,past
1102,103480,Twitter,,1,0,0,0.0,future
1103,103481,Twitter,,0,0,1,0.0,psychological_present
1104,103482,Twitter,,0,1,0,0.0,past
1105,103483,Twitter,,0,0,0,1.0,factual_present
1106,103484,Twitter,,1,0,0,0.0,future
1107,103485,Twitter,,0,1,0,0.0,past
1108,103486,Twitter,,0,1,0,0.0,past
1109,103487,Twitter,,0,0,1,0.0,psychological_present
1110,103488,Twitter,,0,0,0,1.0,factual_present
1111,103489,Twitter,,0,0,1,0.0,psychological_present
1112,103490,Twitter,,1,0,0,0.0,future
1113,103491,Twitter,,1,0,0,0.0,future
1114,103492,Twitter,,1,0,0,0.0,future
1115,103493,Twitter,,0,1,0,0.0,past
1116,103494,Twitter,,0,1,0,0.0,past
1117,103495,Twitter,,0,1,0,0.0,past
1118,103496,Twitter,,1,0,0,0.0,future
1119,103497,Twitter,,0,1,0,0.0,past
1120,103498,Twitter,,0,0,0,1.0,factual_present
1121,103499,Twitter,,0,1,0,0.0,past
1122,103500,Twitter,,1,0,0,0.0,future
1123,103501,Twitter,,0,1,0,0.0,past
1124,103502,Twitter,,1,0,0,0.0,future
1125,103503,Twitter,,1,0,0,0.0,future
1126,103504,Twitter,,0,1,0,0.0,past
1127,103505,Twitter,,0,0,0,1.0,factual_present
1128,103506,Twitter,,0,0,0,1.0,factual_present
1129,103507,Twitter,,0,0,1,0.0,psychological_present
1130,103508,Twitter,,0,1,0,0.0,past
1131,103509,Twitter,,1,0,0,0.0,future
1132,103510,Twitter,,0,0,0,1.0,factual_present
1133,103511,Twitter,,0,0,0,1.0,factual_present
1134,103512,Twitter,,1,0,0,0.0,future
1135,103513,Twitter,,0,0,0,1.0,factual_present
1136,103514,Twitter,,1,0,0,0.0,future
1137,103515,Twitter,,0,1,0,0.0,past
1138,103516,Twitter,,0,1,0,0.0,past
1139,103517,Twitter,,1,0,0,0.0,future
1140,103518,Twitter,,0,0,0,1.0,factual_present
1141,103519,Twitter,,0,1,0,0.0,past
1142,103520,Twitter,,0,0,0,1.0,factual_present
1143,103521,Twitter,,1,0,0,0.0,future
1144,103522,Twitter,,0,0,1,0.0,psychological_present
1145,103523,Twitter,,0,1,0,0.0,past
1146,103524,Twitter,,1,0,0,0.0,future
1147,103525,Twitter,,0,0,0,1.0,factual_present
1148,103526,Twitter,,0,1,0,0.0,past
1149,103527,Twitter,,0,1,0,0.0,past
1150,103528,Twitter,,1,0,0,0.0,future
1151,103529,Twitter,,0,0,1,0.0,psychological_present
1152,103530,Twitter,,0,1,0,0.0,past
1153,103531,Twitter,,0,1,0,0.0,past
1154,103532,Twitter,,0,1,0,0.0,past
1155,103533,Twitter,,0,1,0,0.0,past
1156,103534,Twitter,,0,0,0,1.0,factual_present
1157,103535,Twitter,,0,0,0,1.0,factual_present
1158,103536,Twitter,,0,0,1,0.0,psychological_present
1159,103537,Twitter,,0,1,0,0.0,past
1160,103538,Twitter,,0,0,1,0.0,psychological_present
1161,103539,Twitter,,0,1,0,0.0,past
1162,103540,Twitter,,0,0,0,1.0,factual_present
1163,103541,Twitter,,0,1,0,0.0,past
1164,103542,Twitter,,1,0,0,0.0,future
1165,103543,Twitter,,0,0,0,1.0,factual_present
1166,103544,Twitter,,0,0,0,1.0,factual_present
1167,103545,Twitter,,0,0,1,0.0,psychological_present
1168,103546,Twitter,,0,0,1,0.0,psychological_present
1169,103547,Twitter,,1,0,0,0.0,future
1170,103548,Twitter,,0,1,0,0.0,past
1171,103549,Twitter,,0,1,0,0.0,past
1172,103550,Twitter,,1,0,0,0.0,future
1173,103551,Twitter,,1,0,0,0.0,future
1174,103552,Twitter,,1,0,0,0.0,future
1175,103553,Twitter,,0,0,1,0.0,psychological_present
1176,103554,Twitter,,0,1,0,0.0,past
1177,103555,Twitter,,0,1,0,0.0,past
1178,103556,Twitter,,0,1,0,0.0,past
1179,103557,Twitter,,0,0,0,1.0,factual_present
1180,103558,Twitter,,0,0,0,1.0,factual_present
1181,103559,Twitter,,0,1,0,0.0,past
1182,103560,Twitter,,0,0,0,1.0,factual_present
1183,103561,Twitter,,0,1,0,0.0,past
1184,103562,Twitter,,1,0,0,0.0,future
1185,103563,Twitter,,0,1,0,0.0,past
1186,103564,Twitter,,0,0,0,1.0,factual_present
1187,103565,Twitter,,0,1,0,0.0,past
1188,103566,Twitter,,0,1,0,0.0,past
1189,103567,Twitter,,0,1,0,0.0,past
1190,103568,Twitter,,0,0,0,1.0,factual_present
1191,103569,Twitter,,0,0,0,1.0,factual_present
1192,103570,Twitter,,1,0,0,0.0,future
1193,103571,Twitter,,0,1,0,0.0,past
1194,103572,Twitter,,0,0,0,1.0,factual_present
1195,103573,Twitter,,1,0,0,0.0,future
1196,103574,Twitter,,0,1,0,0.0,past
1197,103575,Twitter,,0,0,1,0.0,psychological_present
1198,103576,Twitter,,1,0,0,0.0,future
1199,103577,Twitter,,1,0,0,0.0,future
1200,103578,Twitter,,1,0,0,0.0,future
1201,103579,Twitter,,0,1,0,0.0,past
1202,103580,Twitter,,0,1,0,0.0,past
1203,103581,Twitter,,1,0,0,0.0,future
1204,103582,Twitter,,0,0,0,1.0,factual_present
1205,103583,Twitter,,0,1,0,0.0,past
1206,103584,Twitter,,0,0,0,1.0,factual_present
1207,103585,Twitter,,0,0,1,0.0,psychological_present
1208,103586,Twitter,,1,0,0,0.0,future
1209,103587,Twitter,,0,1,0,0.0,past
1210,103588,Twitter,,1,0,0,0.0,future
1211,103589,Twitter,,0,1,0,0.0,past
1212,103590,Twitter,,0,0,0,1.0,factual_present
1213,103591,Twitter,,1,0,0,0.0,future
1214,103592,Twitter,,0,0,0,1.0,factual_present
1215,103593,Twitter,,0,0,1,0.0,psychological_present
1216,103594,Twitter,,0,0,0,1.0,factual_present
1217,103595,Twitter,,1,0,0,0.0,future
1218,103596,Twitter,,0,0,0,1.0,factual_present
1219,103597,Twitter,,1,0,0,0.0,future
1220,103598,Twitter,,0,1,0,0.0,past
1221,103599,Twitter,,0,1,0,0.0,past
1222,103600,Twitter,,0,1,0,0.0,past
1223,103601,Twitter,,0,1,0,0.0,past
1224,103602,Twitter,,0,0,0,1.0,factual_present
1225,103603,Twitter,,0,1,0,0.0,past
1226,103604,Twitter,,0,0,1,0.0,psychological_present
1227,103605,Twitter,,0,0,0,1.0,factual_present
1228,103606,Twitter,,0,1,0,0.0,past
1229,103607,Twitter,,0,0,0,1.0,factual_present
1230,103608,Twitter,,0,0,0,1.0,factual_present
1231,103609,Twitter,,0,1,0,0.0,past
1232,103610,Twitter,,0,1,0,0.0,past
1233,103611,Twitter,,0,1,0,0.0,past
1234,103612,Twitter,,0,0,1,0.0,psychological_present
1235,103613,Twitter,,1,0,0,0.0,future
1236,103614,Twitter,,0,1,0,0.0,past
1237,103615,Twitter,,0,0,0,1.0,factual_present
1238,103616,Twitter,,0,1,0,0.0,past
1239,103617,Twitter,,0,0,0,1.0,factual_present
1240,103618,Twitter,,1,0,0,0.0,future
1241,103619,Twitter,,0,0,1,0.0,psychological_present
1242,103620,Twitter,,0,1,0,0.0,past
1243,103621,Twitter,,0,1,0,0.0,past
1244,103622,Twitter,,1,0,0,0.0,future
1245,103623,Twitter,,0,0,1,0.0,psychological_present
1246,103624,Twitter,,0,0,1,0.0,psychological_present
1247,103625,Twitter,,0,1,0,0.0,past
1248,103626,Twitter,,1,0,0,0.0,future
1249,103627,Twitter,,0,0,1,0.0,psychological_present
1250,103628,Twitter,,1,0,0,0.0,future
1251,103629,Twitter,,0,0,1,0.0,psychological_present
1252,103630,Twitter,,0,1,0,0.0,past
1253,103631,Twitter,,0,0,0,1.0,factual_present
1254,103632,Twitter,,0,1,0,0.0,past
1255,103633,Twitter,,1,0,0,0.0,future
1256,103634,Twitter,,1,0,0,0.0,future
1257,103635,Twitter,,0,1,0,0.0,past
1258,103636,Twitter,,1,0,0,0.0,future
1259,103637,Twitter,,0,1,0,0.0,past
1260,103638,Twitter,,0,0,0,1.0,factual_present
1261,103639,Twitter,,0,0,1,0.0,psychological_present
1262,103640,Twitter,,0,1,0,0.0,past
1263,103641,Twitter,,1,0,0,0.0,future
1264,103642,Twitter,,0,1,0,0.0,past
1265,103643,Twitter,,0,0,0,1.0,factual_present
1266,103644,Twitter,,1,0,0,0.0,future
1267,103645,Twitter,,0,0,0,1.0,factual_present
1268,103646,Twitter,,1,0,0,0.0,future
1269,103647,Twitter,,0,1,0,0.0,past
1270,103648,Twitter,,0,0,0,1.0,factual_present
1271,103649,Twitter,,0,0,0,1.0,factual_present
1272,103650,Twitter,,0,1,0,0.0,past
1273,103651,Twitter,,0,1,0,0.0,past
1274,103652,Twitter,,1,0,0,0.0,future
1275,103653,Twitter,,1,0,0,0.0,future
1276,103654,Twitter,,0,0,1,0.0,psychological_present
1277,103655,Twitter,,0,0,0,1.0,factual_present
1278,103656,Twitter,,1,0,0,0.0,future
1279,103657,Twitter,,0,0,0,1.0,factual_present
1280,103658,Twitter,,0,1,0,0.0,past
1281,103659,Twitter,,1,0,0,0.0,future
1282,103660,Twitter,,0,0,0,1.0,factual_present
1283,103661,Twitter,,0,1,0,0.0,past
1284,103662,Twitter,,0,0,0,1.0,factual_present
1285,103663,Twitter,,0,0,0,1.0,factual_present
1286,103664,Twitter,,0,1,0,0.0,past
1287,103665,Twitter,,0,0,0,1.0,factual_present
1288,103666,Twitter,,1,0,0,0.0,future
1289,103667,Twitter,,0,0,0,1.0,factual_present
1290,103668,Twitter,,0,0,0,1.0,factual_present
1291,103669,Twitter,,0,0,0,1.0,factual_present
1292,103670,Twitter,,0,1,0,0.0,past
1293,103671,Twitter,,0,0,0,1.0,factual_present
1294,103672,Twitter,,0,0,0,1.0,factual_present
1295,103673,Twitter,,0,0,1,0.0,psychological_present
1296,103674,Twitter,,0,0,0,1.0,factual_present
1297,103675,Twitter,,0,1,0,0.0,past
1298,103676,Twitter,,0,1,0,0.0,past
1299,103677,Twitter,,0,0,0,1.0,factual_present
1300,103678,Twitter,,0,1,0,0.0,past
1301,103679,Twitter,,0,1,0,0.0,past
1302,103680,Twitter,,0,0,0,1.0,factual_present
1303,103681,Twitter,,0,1,0,0.0,past
1304,103682,Twitter,,1,0,0,0.0,future
1305,103683,Twitter,,1,0,0,0.0,future
1306,103684,Twitter,,1,0,0,0.0,future
1307,103685,Twitter,,0,0,0,1.0,factual_present
1308,103686,Twitter,,1,0,0,0.0,future
1309,103687,Twitter,,0,0,0,1.0,factual_present
1310,103688,Twitter,,1,0,0,0.0,future
1311,103689,Twitter,,1,0,0,0.0,future
1312,103690,Twitter,,1,0,0,0.0,future
1313,103691,Twitter,,0,0,1,0.0,psychological_present
1314,103692,Twitter,,0,0,1,0.0,psychological_present
1315,103693,Twitter,,0,0,0,1.0,factual_present
1316,103694,Twitter,,1,0,0,0.0,future
1317,103695,Twitter,,1,0,0,0.0,future
1318,103696,Twitter,,0,1,0,0.0,past
1319,103697,Twitter,,0,1,0,0.0,past
1320,103698,Twitter,,0,1,0,0.0,past
1321,103699,Twitter,,0,1,0,0.0,past
1322,103700,Twitter,,0,0,0,1.0,factual_present
1323,103701,Twitter,,0,0,0,1.0,factual_present
1324,103702,Twitter,,0,0,0,1.0,factual_present
1325,103703,Twitter,,0,1,0,0.0,past
1326,103704,Twitter,,0,0,0,1.0,factual_present
1327,103705,Twitter,,0,0,1,0.0,psychological_present
1328,103706,Twitter,,0,0,0,1.0,factual_present
1329,103707,Twitter,,0,1,0,0.0,past
1330,103708,Twitter,,1,0,0,0.0,future
1331,103709,Twitter,,1,0,0,0.0,future
1332,103710,Twitter,,1,0,0,0.0,future
1333,103711,Twitter,,0,0,1,0.0,psychological_present
1334,103712,Twitter,,0,0,1,0.0,psychological_present
1335,103713,Twitter,,1,0,0,0.0,future
1336,103714,Twitter,,0,0,0,1.0,factual_present
1337,103715,Twitter,,0,1,0,0.0,past
1338,103716,Twitter,,0,1,0,0.0,past
1339,103717,Twitter,,0,0,0,1.0,factual_present
1340,103718,Twitter,,0,0,0,1.0,factual_present
1341,103719,Twitter,,0,1,0,0.0,past
1342,103720,Twitter,,0,0,1,0.0,psychological_present
1343,103721,Twitter,,0,0,0,1.0,factual_present
1344,103722,Twitter,,0,0,0,1.0,factual_present
1345,103723,Twitter,,0,0,0,1.0,factual_present
1346,103724,Twitter,,0,0,0,1.0,factual_present
1347,103725,Twitter,,0,1,0,0.0,past
1348,103726,Twitter,,0,0,1,0.0,psychological_present
1349,103727,Twitter,,0,0,1,0.0,psychological_present
1350,103728,Twitter,,0,0,1,0.0,psychological_present
1351,103729,Twitter,,0,0,0,1.0,factual_present
1352,103730,Twitter,,0,0,1,0.0,psychological_present
1353,103731,Twitter,,0,1,0,0.0,past
1354,103732,Twitter,,0,0,0,1.0,factual_present
1355,103733,Twitter,,0,1,0,0.0,past
1356,103734,Twitter,,0,0,1,0.0,psychological_present
1357,103735,Twitter,,0,1,0,0.0,past
1358,103736,Twitter,,0,0,0,1.0,factual_present
1359,103737,Twitter,,0,1,0,0.0,past
1360,103738,Twitter,,0,0,1,0.0,psychological_present
1361,103739,Twitter,,1,0,0,0.0,future
1362,103740,Twitter,,0,0,0,1.0,factual_present
1363,103741,Twitter,,1,0,0,0.0,future
1364,103742,Twitter,,1,0,0,0.0,future
1365,103743,Twitter,,0,0,1,0.0,psychological_present
1366,103744,Twitter,,0,0,0,1.0,factual_present
1367,103745,Twitter,,0,0,0,1.0,factual_present
1368,103746,Twitter,,0,0,0,1.0,factual_present
1369,103747,Twitter,,1,0,0,0.0,future
1370,103748,Twitter,,1,0,0,0.0,future
1371,103749,Twitter,,1,0,0,0.0,future
1372,103750,Twitter,,0,0,0,1.0,factual_present
1373,103751,Twitter,,1,0,0,0.0,future
1374,103752,Twitter,,1,0,0,0.0,future
1375,103753,Twitter,,0,1,0,0.0,past
1376,103754,Twitter,,1,0,0,0.0,future
1377,103755,Twitter,,0,0,0,1.0,factual_present
1378,103756,Twitter,,0,1,0,0.0,past
1379,103757,Twitter,,0,1,0,0.0,past
1380,103758,Twitter,,0,0,0,1.0,factual_present
1381,103759,Twitter,,0,0,0,1.0,factual_present
1382,103760,Twitter,,0,0,0,1.0,factual_present
1383,103761,Twitter,,1,0,0,0.0,future
1384,103762,Twitter,,0,0,0,1.0,factual_present
1385,103763,Twitter,,0,0,1,0.0,psychological_present
1386,103764,Twitter,,0,0,1,0.0,psychological_present
1387,103765,Twitter,,0,1,0,0.0,past
1388,103766,Twitter,,0,1,0,0.0,past
1389,103767,Twitter,,1,0,0,0.0,future
1390,103768,Twitter,,0,0,0,1.0,factual_present
1391,103769,Twitter,,1,0,0,0.0,future
1392,103770,Twitter,,0,0,1,0.0,psychological_present
1393,103771,Twitter,,0,1,0,0.0,past
1394,103772,Twitter,,0,1,0,0.0,past
1395,103773,Twitter,,0,1,0,0.0,past
1396,103774,Twitter,,0,1,0,0.0,past
1397,103775,Twitter,,0,0,1,0.0,psychological_present
1398,103776,Twitter,,1,0,0,0.0,future
1399,103777,Twitter,,0,0,0,1.0,factual_present
1400,103778,Twitter,,0,1,0,0.0,past
1401,103779,Twitter,,0,0,0,1.0,factual_present
1402,103780,Twitter,,0,0,0,1.0,factual_present
1403,103781,Twitter,,0,0,0,1.0,factual_present
1404,103782,Twitter,,1,0,0,0.0,future
1405,103783,Twitter,,1,0,0,0.0,future
1406,103784,Twitter,,0,0,0,1.0,factual_present
1407,103785,Twitter,,1,0,0,0.0,future
1408,103786,Twitter,,0,0,0,1.0,factual_present
1409,103787,Twitter,,1,0,0,0.0,future
1410,103788,Twitter,,0,0,0,1.0,factual_present
1411,103789,Twitter,,0,0,0,1.0,factual_present
1412,103790,Twitter,,0,1,0,0.0,past
1413,103791,Twitter,,0,0,1,0.0,psychological_present
1414,103792,Twitter,,1,0,0,0.0,future
1415,103793,Twitter,,0,1,0,0.0,past
1416,103794,Twitter,,0,0,1,0.0,psychological_present
1417,103795,Twitter,,0,0,0,1.0,factual_present
1418,103796,Twitter,,0,1,0,0.0,past
1419,103797,Twitter,,0,0,0,1.0,factual_present
1420,103798,Twitter,,0,0,1,0.0,psychological_present
1421,103799,Twitter,,0,1,0,0.0,past
1422,103800,Twitter,,0,0,1,0.0,psychological_present
1423,103801,Twitter,,0,0,1,0.0,psychological_present
1424,103802,Twitter,,0,0,1,0.0,psychological_present
1425,103803,Twitter,,1,0,0,0.0,future
1426,103804,Twitter,,0,1,0,0.0,past
1427,103805,Twitter,,0,0,0,1.0,factual_present
1428,103806,Twitter,,0,0,0,1.0,factual_present
1429,103807,Twitter,,0,0,1,0.0,psychological_present
1430,103808,Twitter,,0,0,0,1.0,factual_present
1431,103809,Twitter,,0,0,1,0.0,psychological_present
1432,103810,Twitter,,0,0,0,1.0,factual_present
1433,103811,Twitter,,0,0,0,1.0,factual_present
1434,103812,Twitter,,0,0,1,0.0,psychological_present
1435,103813,Twitter,,0,0,1,0.0,psychological_present
1436,103814,Twitter,,0,1,0,0.0,past
1437,103815,Twitter,,0,0,0,1.0,factual_present
1438,103816,Twitter,,0,0,1,0.0,psychological_present
1439,103817,Twitter,,1,0,0,0.0,future
1440,103818,Twitter,,0,1,0,0.0,past
1441,103819,Twitter,,0,0,0,1.0,factual_present
1442,103820,Twitter,,0,1,0,0.0,past
1443,103821,Twitter,,0,0,0,1.0,factual_present
1444,103822,Twitter,,0,0,0,1.0,factual_present
1445,103823,Twitter,,1,0,0,0.0,future
1446,103824,Twitter,,0,0,0,1.0,factual_present
1447,103825,Twitter,,0,0,1,0.0,psychological_present
1448,103826,Twitter,,0,1,0,0.0,past
1449,103827,Twitter,,0,1,0,0.0,past
1450,103828,Twitter,,0,1,0,0.0,past
1451,103829,Twitter,,0,0,0,1.0,factual_present
1452,103830,Twitter,,1,0,0,0.0,future
1453,103831,Twitter,,0,0,1,0.0,psychological_present
1454,103832,Twitter,,0,1,0,0.0,past
1455,103833,Twitter,,0,0,0,1.0,factual_present
1456,103834,Twitter,,1,0,0,0.0,future
1457,103835,Twitter,,0,1,0,0.0,past
1458,103836,Twitter,,0,0,0,1.0,factual_present
1459,103837,Twitter,,1,0,0,0.0,future
1460,103838,Twitter,,0,1,0,0.0,past
1461,103839,Twitter,,0,1,0,0.0,past
1462,103840,Twitter,,1,0,0,0.0,future
1463,103841,Twitter,,1,0,0,0.0,future
1464,103842,Twitter,,0,1,0,0.0,past
1465,103843,Twitter,,0,0,0,1.0,factual_present
1466,103844,Twitter,,1,0,0,0.0,future
1467,103845,Twitter,,0,0,0,1.0,factual_present
1468,103846,Twitter,,0,0,1,0.0,psychological_present
1469,103847,Twitter,,0,0,0,1.0,factual_present
1470,103848,Twitter,,0,1,0,0.0,past
1471,103849,Twitter,,0,1,0,0.0,past
1472,103850,Twitter,,1,0,0,0.0,future
1473,103851,Twitter,,0,0,0,1.0,factual_present
1474,103852,Twitter,,0,0,0,1.0,factual_present
1475,103853,Twitter,,0,0,1,0.0,psychological_present
1476,103854,Twitter,,0,0,0,1.0,factual_present
1477,103855,Twitter,,0,0,0,1.0,factual_present
1478,103856,Twitter,,0,1,0,0.0,past
1479,103857,Twitter,,0,1,0,0.0,past
1480,103858,Twitter,,0,0,1,0.0,psychological_present
1481,103859,Twitter,,0,0,0,1.0,factual_present
1482,103860,Twitter,,0,0,0,1.0,factual_present
1483,103861,Twitter,,0,0,0,1.0,factual_present
1484,103862,Twitter,,1,0,0,0.0,future
1485,103863,Twitter,,0,1,0,0.0,past
1486,103864,Twitter,,0,0,1,0.0,psychological_present
1487,103865,Twitter,,0,0,1,0.0,psychological_present
1488,103866,Twitter,,0,1,0,0.0,past
1489,103867,Twitter,,0,0,0,1.0,factual_present
1490,103868,Twitter,,0,0,0,1.0,factual_present
1491,103869,Twitter,,0,1,0,0.0,past
1492,103870,Twitter,,0,0,0,1.0,factual_present
1493,103871,Twitter,,0,1,0,0.0,past
1494,103872,Twitter,,0,1,0,0.0,past
1495,103873,Twitter,,0,0,1,0.0,psychological_present
1496,103874,Twitter,,0,0,0,1.0,factual_present
1497,103875,Twitter,,1,0,0,0.0,future
1498,103876,Twitter,,0,0,0,1.0,factual_present
1499,103877,Twitter,,1,0,0,0.0,future
1500,103878,Twitter,,0,1,0,0.0,past
1501,103879,Twitter,,0,1,0,0.0,past
1502,103880,Twitter,,0,0,0,1.0,factual_present
1503,103881,Twitter,,0,0,0,1.0,factual_present
1504,103882,Twitter,,0,0,0,1.0,factual_present
1505,103883,Twitter,,0,0,1,0.0,psychological_present
1506,103884,Twitter,,0,1,0,0.0,past
1507,103885,Twitter,,0,0,1,0.0,psychological_present
1508,103886,Twitter,,1,0,0,0.0,future
1509,103887,Twitter,,0,0,0,1.0,factual_present
1510,103888,Twitter,,0,0,0,1.0,factual_present
1511,103889,Twitter,,0,0,0,1.0,factual_present
1512,103890,Twitter,,0,1,0,0.0,past
1513,103891,Twitter,,0,0,1,0.0,psychological_present
1514,103892,Twitter,,0,0,0,1.0,factual_present
1515,103893,Twitter,,0,1,0,0.0,past
1516,103894,Twitter,,1,0,0,0.0,future
1517,103895,Twitter,,0,1,0,0.0,past
1518,103896,Twitter,,0,0,0,1.0,factual_present
1519,103897,Twitter,,0,1,0,0.0,past
1520,103898,Twitter,,0,0,1,0.0,psychological_present
1521,103899,Twitter,,0,1,0,0.0,past
1522,103900,Twitter,,1,0,0,0.0,future
1523,103901,Twitter,,0,0,1,0.0,psychological_present
1524,103902,Twitter,,0,0,0,1.0,factual_present
1525,103903,Twitter,,1,0,0,0.0,future
1526,103904,Twitter,,0,0,0,1.0,factual_present
1527,103905,Twitter,,0,1,0,0.0,past
1528,103906,Twitter,,0,0,0,1.0,factual_present
1529,103907,Twitter,,0,1,0,0.0,past
1530,103908,Twitter,,0,0,0,1.0,factual_present
1531,103909,Twitter,,0,0,1,0.0,psychological_present
1532,103910,Twitter,,0,1,0,0.0,past
1533,103911,Twitter,,0,1,0,0.0,past
1534,103912,Twitter,,0,1,0,0.0,past
1535,103913,Twitter,,0,0,1,0.0,psychological_present
1536,103914,Twitter,,0,1,0,0.0,past
1537,103915,Twitter,,0,0,0,1.0,factual_present
1538,103916,Twitter,,0,0,0,1.0,factual_present
1539,103917,Twitter,,0,0,1,0.0,psychological_present
1540,103918,Twitter,,0,0,0,1.0,factual_present
1541,103919,Twitter,,1,0,0,0.0,future
1542,103920,Twitter,,1,0,0,0.0,future
1543,103921,Twitter,,0,0,1,0.0,psychological_present
1544,103922,Twitter,,0,0,1,0.0,psychological_present
1545,103923,Twitter,,1,0,0,0.0,future
1546,103924,Twitter,,1,0,0,0.0,future
1547,103925,Twitter,,0,0,1,0.0,psychological_present
1548,103926,Twitter,,0,0,1,0.0,psychological_present
1549,103927,Twitter,,0,0,1,0.0,psychological_present
1550,103928,Twitter,,0,1,0,0.0,past
1551,103929,Twitter,,0,1,0,0.0,past
1552,103930,Twitter,,0,0,1,0.0,psychological_present
1553,103931,Twitter,,0,1,0,0.0,past
1554,103932,Twitter,,0,0,1,0.0,psychological_present
1555,103933,Twitter,,0,0,1,0.0,psychological_present
1556,103934,Twitter,,1,0,0,0.0,future
1557,103935,Twitter,,1,0,0,0.0,future
1558,103936,Twitter,,0,1,0,0.0,past
1559,103937,Twitter,,0,1,0,0.0,past
1560,103938,Twitter,,0,1,0,0.0,past
1561,103939,Twitter,,0,1,0,0.0,past
1562,103940,Twitter,,0,1,0,0.0,past
1563,103941,Twitter,,0,0,0,1.0,factual_present
1564,103942,Twitter,,0,0,0,1.0,factual_present
1565,103943,Twitter,,0,0,1,0.0,psychological_present
1566,103944,Twitter,,1,0,0,0.0,future
1567,103945,Twitter,,0,1,0,0.0,past
1568,103946,Twitter,,0,1,0,0.0,past
1569,103947,Twitter,,0,0,0,1.0,factual_present
1570,103948,Twitter,,1,0,0,0.0,future
1571,103949,Twitter,,0,0,1,0.0,psychological_present
1572,103950,Twitter,,1,0,0,0.0,future
1573,103951,Twitter,,1,0,0,0.0,future
1574,103952,Twitter,,0,1,0,0.0,past
1575,103953,Twitter,,0,0,0,1.0,factual_present
1576,103954,Twitter,,0,0,0,1.0,factual_present
1577,103955,Twitter,,0,0,0,1.0,factual_present
1578,103956,Twitter,,0,0,0,1.0,factual_present
1579,103957,Twitter,,0,1,0,0.0,past
1580,103958,Twitter,,0,0,1,0.0,psychological_present
1581,103959,Twitter,,0,1,0,0.0,past
1582,103960,Twitter,,0,0,1,0.0,psychological_present
1583,103961,Twitter,,0,0,1,0.0,psychological_present
1584,103962,Twitter,,0,0,0,1.0,factual_present
1585,103963,Twitter,,0,1,0,0.0,past
1586,103964,Twitter,,1,0,0,0.0,future
1587,103965,Twitter,,0,0,0,1.0,factual_present
1588,103966,Twitter,,0,0,0,1.0,factual_present
1589,103967,Twitter,,1,0,0,0.0,future
1590,103968,Twitter,,1,0,0,0.0,future
1591,103969,Twitter,,0,1,0,0.0,past
1592,103970,Twitter,,0,0,0,1.0,factual_present
1593,103971,Twitter,,0,1,0,0.0,past
1594,103972,Twitter,,0,0,0,1.0,factual_present
1595,103973,Twitter,,0,1,0,0.0,past
1596,103974,Twitter,,0,1,0,0.0,past
1597,103975,Twitter,,0,0,0,1.0,factual_present
1598,103976,Twitter,,0,0,0,1.0,factual_present
1599,103977,Twitter,,0,0,0,1.0,factual_present
1600,103978,Twitter,,0,1,0,0.0,past
1601,103979,Twitter,,0,0,0,1.0,factual_present
1602,103980,Twitter,,0,1,0,0.0,past
1603,103981,Twitter,,1,0,0,0.0,future
1604,103982,Twitter,,0,0,1,0.0,psychological_present
1605,103983,Twitter,,0,0,0,1.0,factual_present
1606,103984,Twitter,,0,0,1,0.0,psychological_present
1607,103985,Twitter,,0,0,1,0.0,psychological_present
1608,103986,Twitter,,1,0,0,0.0,future
1609,103987,Twitter,,0,0,0,1.0,factual_present
1610,103988,Twitter,,0,0,1,0.0,psychological_present
1611,103989,Twitter,,0,0,1,0.0,psychological_present
1612,103990,Twitter,,0,1,0,0.0,past
1613,103991,Twitter,,1,0,0,0.0,future
1614,103992,Twitter,,0,0,1,0.0,psychological_present
1615,103993,Twitter,,0,1,0,0.0,past
1616,103994,Twitter,,0,0,0,1.0,factual_present
1617,103995,Twitter,,0,0,1,0.0,psychological_present
1618,103996,Twitter,,1,0,0,0.0,future
1619,103997,Twitter,,0,1,0,0.0,past
1620,103998,Twitter,,0,0,1,0.0,psychological_present
1621,103999,Twitter,,0,0,1,0.0,psychological_present
1622,104000,Twitter,,1,0,0,0.0,future
1623,104001,Twitter,,0,0,0,1.0,factual_present
1624,104002,Twitter,,0,1,0,0.0,past
1625,104003,Twitter,,0,1,0,0.0,past
1626,104004,Twitter,,0,0,0,1.0,factual_present
1627,104005,Twitter,,0,0,0,1.0,factual_present
1628,104006,Twitter,,0,0,1,0.0,psychological_present
1629,104007,Twitter,,0,0,0,1.0,factual_present
1630,104008,Twitter,,1,0,0,0.0,future
1631,104009,Twitter,,1,0,0,0.0,future
1632,104010,Twitter,,0,0,0,1.0,factual_present
1633,104011,Twitter,,0,0,0,1.0,factual_present
1634,104012,Twitter,,0,0,0,1.0,factual_present
1635,104013,Twitter,,0,1,0,0.0,past
1636,104014,Twitter,,0,0,0,1.0,factual_present
1637,104015,Twitter,,1,0,0,0.0,future
1638,104016,Twitter,,1,0,0,0.0,future
1639,104017,Twitter,,0,0,0,1.0,factual_present
1640,104018,Twitter,,0,0,0,1.0,factual_present
1641,104019,Twitter,,1,0,0,0.0,future
1642,104020,Twitter,,0,0,1,0.0,psychological_present
1643,104021,Twitter,,0,0,1,0.0,psychological_present
1644,104022,Twitter,,0,1,0,0.0,past
1645,104023,Twitter,,0,0,1,0.0,psychological_present
1646,104024,Twitter,,1,0,0,0.0,future
1647,104025,Twitter,,0,0,1,0.0,psychological_present
1648,104026,Twitter,,0,0,0,1.0,factual_present
1649,104027,Twitter,,0,0,0,1.0,factual_present
1650,104028,Twitter,,0,1,0,0.0,past
1651,104029,Twitter,,0,1,0,0.0,past
1652,104030,Twitter,,0,0,0,1.0,factual_present
1653,104031,Twitter,,0,1,0,0.0,past
1654,104032,Twitter,,0,0,1,0.0,psychological_present
1655,104033,Twitter,,1,0,0,0.0,future
1656,104034,Twitter,,0,0,1,0.0,psychological_present
1657,104035,Twitter,,1,0,0,0.0,future
1658,104036,Twitter,,0,0,0,1.0,factual_present
1659,104037,Twitter,,1,0,0,0.0,future
1660,104038,Twitter,,0,0,0,1.0,factual_present
1661,104039,Twitter,,0,1,0,0.0,past
1662,104040,Twitter,,0,0,0,1.0,factual_present
1663,104041,Twitter,,0,0,0,1.0,factual_present
1664,104042,Twitter,,0,1,0,0.0,past
1665,104043,Twitter,,1,0,0,0.0,future
1666,104044,Twitter,,0,1,0,0.0,past
1667,104045,Twitter,,0,1,0,0.0,past
1668,104046,Twitter,,0,1,0,0.0,past
1669,104047,Twitter,,0,1,0,0.0,past
1670,104048,Twitter,,0,0,0,1.0,factual_present
1671,104049,Twitter,,0,1,0,0.0,past
1672,104050,Twitter,,0,0,1,0.0,psychological_present
1673,104051,Twitter,,0,0,1,0.0,psychological_present
1674,104052,Twitter,,0,0,1,0.0,psychological_present
1675,104053,Twitter,,0,0,0,1.0,factual_present
1676,104054,Twitter,,0,0,1,0.0,psychological_present
1677,104055,Twitter,,0,0,0,1.0,factual_present
1678,104056,Twitter,,1,0,0,0.0,future
1679,104057,Twitter,,1,0,0,0.0,future
1680,104058,Twitter,,1,0,0,0.0,future
1681,104059,Twitter,,1,0,0,0.0,future
1682,104060,Twitter,,0,0,1,0.0,psychological_present
1683,104061,Twitter,,0,1,0,0.0,past
1684,104062,Twitter,,0,0,1,0.0,psychological_present
1685,104063,Twitter,,0,1,0,0.0,past
1686,104064,Twitter,,0,0,1,0.0,psychological_present
1687,104065,Twitter,,0,1,0,0.0,past
1688,104066,Twitter,,0,0,1,0.0,psychological_present
1689,104067,Twitter,,1,0,0,0.0,future
1690,104068,Twitter,,0,0,0,1.0,factual_present
1691,104069,Twitter,,0,1,0,0.0,past
1692,104070,Twitter,,0,0,1,0.0,psychological_present
1693,104071,Twitter,,1,0,0,0.0,future
1694,104072,Twitter,,1,0,0,0.0,future
1695,104073,Twitter,,0,1,0,0.0,past
1696,104074,Twitter,,0,0,0,1.0,factual_present
1697,104075,Twitter,,0,0,0,1.0,factual_present
1698,104076,Twitter,,0,0,1,0.0,psychological_present
1699,104077,Twitter,,0,1,0,0.0,past
1700,104078,Twitter,,0,1,0,0.0,past
1701,104079,Twitter,,0,1,0,0.0,past
1702,104080,Twitter,,0,0,1,0.0,psychological_present
1703,104081,Twitter,,0,1,0,0.0,past
1704,104082,Twitter,,0,0,0,1.0,factual_present
1705,104083,Twitter,,1,0,0,0.0,future
1706,104084,Twitter,,1,0,0,0.0,future
1707,104085,Twitter,,0,0,1,0.0,psychological_present
1708,104086,Twitter,,1,0,0,0.0,future
1709,104087,Twitter,,0,0,0,1.0,factual_present
1710,104088,Twitter,,1,0,0,0.0,future
1711,104089,Twitter,,1,0,0,0.0,future
1712,104090,Twitter,,0,1,0,0.0,past
1713,104091,Twitter,,0,0,0,1.0,factual_present
1714,104092,Twitter,,1,0,0,0.0,future
1715,104093,Twitter,,0,1,0,0.0,past
1716,104094,Twitter,,0,1,0,0.0,past
1717,104095,Twitter,,0,0,1,0.0,psychological_present
1718,104096,Twitter,,0,1,0,0.0,past
1719,104097,Twitter,,0,0,0,1.0,factual_present
1720,104098,Twitter,,1,0,0,0.0,future
1721,104099,Twitter,,1,0,0,0.0,future
1722,104100,Twitter,,1,0,0,0.0,future
1723,104101,Twitter,,0,0,1,0.0,psychological_present
1724,104102,Twitter,,0,0,0,1.0,factual_present
1725,104103,Twitter,,0,1,0,0.0,past
1726,104104,Twitter,,0,1,0,0.0,past
1727,104105,Twitter,,0,0,0,1.0,factual_present
1728,104106,Twitter,,0,0,0,1.0,factual_present
1729,104107,Twitter,,0,0,0,1.0,factual_present
1730,104108,Twitter,,0,1,0,0.0,past
1731,104109,Twitter,,0,1,0,0.0,past
1732,104110,Twitter,,0,0,0,1.0,factual_present
1733,104111,Twitter,,0,1,0,0.0,past
1734,104112,Twitter,,0,0,1,0.0,psychological_present
1735,104113,Twitter,,1,0,0,0.0,future
1736,104114,Twitter,,1,0,0,0.0,future
1737,104115,Twitter,,0,1,0,0.0,past
1738,104116,Twitter,,0,0,0,1.0,factual_present
1739,104117,Twitter,,1,0,0,0.0,future
1740,104118,Twitter,,0,1,0,0.0,past
1741,104119,Twitter,,0,0,1,0.0,psychological_present
1742,104120,Twitter,,0,1,0,0.0,past
1743,104121,Twitter,,0,0,1,0.0,psychological_present
1744,104122,Twitter,,0,0,1,0.0,psychological_present
1745,104123,Twitter,,0,0,1,0.0,psychological_present
1746,104124,Twitter,,0,0,1,0.0,psychological_present
1747,104125,Twitter,,0,0,1,0.0,psychological_present
1748,104126,Twitter,,0,1,0,0.0,past
1749,104127,Twitter,,0,0,1,0.0,psychological_present
1750,104128,Twitter,,1,0,0,0.0,future
1751,104129,Twitter,,1,0,0,0.0,future
1752,104130,Twitter,,0,0,1,0.0,psychological_present
1753,104131,Twitter,,1,0,0,0.0,future
1754,104132,Twitter,,0,0,1,0.0,psychological_present
1755,104133,Twitter,,1,0,0,0.0,future
1756,104134,Twitter,,0,0,0,1.0,factual_present
1757,104135,Twitter,,0,1,0,0.0,past
1758,104136,Twitter,,0,0,0,1.0,factual_present
1759,104137,Twitter,,0,0,0,1.0,factual_present
1760,104138,Twitter,,0,0,0,1.0,factual_present
1761,104139,Twitter,,0,0,1,0.0,psychological_present
1762,104140,Twitter,,1,0,0,0.0,future
1763,104141,Twitter,,0,0,1,0.0,psychological_present
1764,104142,Twitter,,1,0,0,0.0,future
1765,104143,Twitter,,0,1,0,0.0,past
1766,104144,Twitter,,0,1,0,0.0,past
1767,104145,Twitter,,0,0,1,0.0,psychological_present
1768,104146,Twitter,,0,0,1,0.0,psychological_present
1769,104147,Twitter,,0,0,0,1.0,factual_present
1770,104148,Twitter,,0,1,0,0.0,past
1771,104149,Twitter,,0,1,0,0.0,past
1772,104150,Twitter,,0,0,0,1.0,factual_present
1773,104151,Twitter,,0,0,1,0.0,psychological_present
1774,104152,Twitter,,1,0,0,0.0,future
1775,104153,Twitter,,0,0,1,0.0,psychological_present
1776,104154,Twitter,,0,1,0,0.0,past
1777,104155,Twitter,,0,1,0,0.0,past
1778,104156,Twitter,,0,1,0,0.0,past
1779,104157,Twitter,,0,0,1,0.0,psychological_present
1780,104158,Twitter,,1,0,0,0.0,future
1781,104159,Twitter,,0,1,0,0.0,past
1782,104160,Twitter,,0,0,0,1.0,factual_present
1783,104161,Twitter,,1,0,0,0.0,future
1784,104162,Twitter,,0,0,0,1.0,factual_present
1785,104163,Twitter,,0,0,1,0.0,psychological_present
1786,104164,Twitter,,1,0,0,0.0,future
1787,104165,Twitter,,0,0,0,1.0,factual_present
1788,104166,Twitter,,0,0,0,1.0,factual_present
1789,104167,Twitter,,1,0,0,0.0,future
1790,104168,Twitter,,0,0,0,1.0,factual_present
1791,104169,Twitter,,0,0,1,0.0,psychological_present
1792,104170,Twitter,,0,0,0,1.0,factual_present
1793,104171,Twitter,,0,1,0,0.0,past
1794,104172,Twitter,,0,0,1,0.0,psychological_present
1795,104173,Twitter,,0,1,0,0.0,past
1796,104174,Twitter,,0,1,0,0.0,past
1797,104175,Twitter,,0,1,0,0.0,past
1798,104176,Twitter,,1,0,0,0.0,future
1799,104177,Twitter,,0,0,0,1.0,factual_present
1800,104178,Twitter,,0,0,0,1.0,factual_present
1801,104179,Twitter,,1,0,0,0.0,future
1802,104180,Twitter,,0,0,1,0.0,psychological_present
1803,104181,Twitter,,0,0,1,0.0,psychological_present
1804,104182,Twitter,,0,1,0,0.0,past
1805,104183,Twitter,,0,0,0,1.0,factual_present
1806,104184,Twitter,,1,0,0,0.0,future
1807,104185,Twitter,,1,0,0,0.0,future
1808,104186,Twitter,,0,0,0,1.0,factual_present
1809,104187,Twitter,,0,0,0,1.0,factual_present
1810,104188,Twitter,,0,0,1,0.0,psychological_present
1811,104189,Twitter,,0,0,1,0.0,psychological_present
1812,104190,Twitter,,0,0,1,0.0,psychological_present
1813,104191,Twitter,,0,1,0,0.0,past
1814,104192,Twitter,,0,0,0,1.0,factual_present
1815,104193,Twitter,,0,0,0,1.0,factual_present
1816,104194,Twitter,,0,0,0,1.0,factual_present
1817,104195,Twitter,,0,0,0,1.0,factual_present
1818,104196,Twitter,,0,0,1,0.0,psychological_present
1819,104197,Twitter,,0,1,0,0.0,past
1820,104198,Twitter,,0,0,1,0.0,psychological_present
1821,104199,Twitter,,0,0,1,0.0,psychological_present
1822,104200,Twitter,,1,0,0,0.0,future
1823,104201,Twitter,,0,1,0,0.0,past
1824,104202,Twitter,,0,0,0,1.0,factual_present
1825,104203,Twitter,,0,0,1,0.0,psychological_present
1826,104204,Twitter,,0,0,1,0.0,psychological_present
1827,104205,Twitter,,0,0,0,1.0,factual_present
1828,104206,Twitter,,0,0,0,1.0,factual_present
1829,104207,Twitter,,0,0,0,1.0,factual_present
1830,104208,Twitter,,0,0,0,1.0,factual_present
1831,104209,Twitter,,0,0,0,1.0,factual_present
1832,104210,Twitter,,1,0,0,0.0,future
1833,104211,Twitter,,0,1,0,0.0,past
1834,104212,Twitter,,0,0,1,0.0,psychological_present
1835,104213,Twitter,,0,1,0,0.0,past
1836,104214,Twitter,,0,0,1,0.0,psychological_present
1837,104215,Twitter,,0,1,0,0.0,past
1838,104216,Twitter,,0,0,0,1.0,factual_present
1839,104217,Twitter,,0,0,0,1.0,factual_present
1840,104218,Twitter,,0,0,0,1.0,factual_present
1841,104219,Twitter,,0,0,1,0.0,psychological_present
1842,104220,Twitter,,0,0,1,0.0,psychological_present
1843,104221,Twitter,,0,0,1,0.0,psychological_present
1844,104222,Twitter,,1,0,0,0.0,future
1845,104223,Twitter,,0,0,1,0.0,psychological_present
1846,104224,Twitter,,0,0,0,1.0,factual_present
1847,104225,Twitter,,0,1,0,0.0,past
1848,104226,Twitter,,0,0,0,1.0,factual_present
1849,104227,Twitter,,0,0,0,1.0,factual_present
1850,104228,Twitter,,0,0,0,1.0,factual_present
1851,104229,Twitter,,0,1,0,0.0,past
1852,104230,Twitter,,0,1,0,0.0,past
1853,104231,Twitter,,0,0,0,1.0,factual_present
1854,104232,Twitter,,0,0,0,1.0,factual_present
1855,104233,Twitter,,0,1,0,0.0,past
1856,104234,Twitter,,1,0,0,0.0,future
1857,104235,Twitter,,1,0,0,0.0,future
1858,104236,Twitter,,1,0,0,0.0,future
1859,104237,Twitter,,0,0,0,1.0,factual_present
1860,104238,Twitter,,0,0,0,1.0,factual_present
1861,104239,Twitter,,0,0,1,0.0,psychological_present
1862,104240,Twitter,,0,0,0,1.0,factual_present
1863,104241,Twitter,,0,0,0,1.0,factual_present
1864,104242,Twitter,,1,0,0,0.0,future
1865,104243,Twitter,,0,0,0,1.0,factual_present
1866,104244,Twitter,,0,0,0,1.0,factual_present
1867,104245,Twitter,,0,0,0,1.0,factual_present
1868,104246,Twitter,,0,0,1,0.0,psychological_present
1869,104247,Twitter,,1,0,0,0.0,future
1870,104248,Twitter,,0,0,1,0.0,psychological_present
1871,104249,Twitter,,1,0,0,0.0,future
1872,104250,Twitter,,0,0,0,1.0,factual_present
1873,104251,Twitter,,0,0,1,0.0,psychological_present
1874,104252,Twitter,,1,0,0,0.0,future
1875,104253,Twitter,,1,0,0,0.0,future
1876,104254,Twitter,,0,0,0,1.0,factual_present
1877,104255,Twitter,,0,1,0,0.0,past
1878,104256,Twitter,,0,1,0,0.0,past
1879,104257,Twitter,,0,0,0,1.0,factual_present
1880,104258,Twitter,,0,0,0,1.0,factual_present
1881,104259,Twitter,,1,0,0,0.0,future
1882,104260,Twitter,,0,0,0,1.0,factual_present
1883,104261,Twitter,,0,0,0,1.0,factual_present
1884,104262,Twitter,,0,0,1,0.0,psychological_present
1885,104263,Twitter,,0,0,0,1.0,factual_present
1886,104264,Twitter,,0,0,1,0.0,psychological_present
1887,104265,Twitter,,0,0,1,0.0,psychological_present
1888,104266,Twitter,,0,0,0,1.0,factual_present
1889,104267,Twitter,,0,0,1,0.0,psychological_present
1890,104268,Twitter,,0,0,0,1.0,factual_present
1891,104269,Twitter,,0,0,0,1.0,factual_present
1892,104270,Twitter,,0,1,0,0.0,past
1893,104271,Twitter,,0,0,0,1.0,factual_present
1894,104272,Twitter,,0,0,0,1.0,factual_present
1895,104273,Twitter,,0,0,1,0.0,psychological_present
1896,104274,Twitter,,0,1,0,0.0,past
1897,104275,Twitter,,0,1,0,0.0,past
1898,104276,Twitter,,0,1,0,0.0,past
1899,104277,Twitter,,0,1,0,0.0,past
1900,104278,Twitter,,1,0,0,0.0,future
1901,104279,Twitter,,1,0,0,0.0,future
1902,104280,Twitter,,0,0,0,1.0,factual_present
1903,104281,Twitter,,1,0,0,0.0,future
1904,104282,Twitter,,1,0,0,0.0,future
1905,104283,Twitter,,0,1,0,0.0,past
1906,104284,Twitter,,0,1,0,0.0,past
1907,104285,Twitter,,0,0,0,1.0,factual_present
1908,104286,Twitter,,1,0,0,0.0,future
1909,104287,Twitter,,0,0,0,1.0,factual_present
1910,104288,Twitter,,0,1,0,0.0,past
1911,104289,Twitter,,1,0,0,0.0,future
1912,104290,Twitter,,1,0,0,0.0,future
1913,104291,Twitter,,0,0,0,1.0,factual_present
1914,104292,Twitter,,0,0,0,1.0,factual_present
1915,104293,Twitter,,0,0,1,0.0,psychological_present
1916,104294,Twitter,,0,1,0,0.0,past
1917,104295,Twitter,,0,0,0,1.0,factual_present
1918,104296,Twitter,,0,0,1,0.0,psychological_present
1919,104297,Twitter,,0,0,0,1.0,factual_present
1920,104298,Twitter,,0,0,1,0.0,psychological_present
1921,104299,Twitter,,0,0,0,1.0,factual_present
1922,104300,Twitter,,0,1,0,0.0,past
1923,104301,Twitter,,0,0,0,1.0,factual_present
1924,104302,Twitter,,0,0,0,1.0,factual_present
1925,104303,Twitter,,0,0,0,1.0,factual_present
1926,104304,Twitter,,0,0,1,0.0,psychological_present
1927,104305,Twitter,,0,0,1,0.0,psychological_present
1928,104306,Twitter,,0,0,1,0.0,psychological_present
1929,104307,Twitter,,0,0,1,0.0,psychological_present
1930,104308,Twitter,,0,1,0,0.0,past
1931,104309,Twitter,,0,1,0,0.0,past
1932,104310,Twitter,,1,0,0,0.0,future
1933,104311,Twitter,,0,0,0,1.0,factual_present
1934,104312,Twitter,,1,0,0,0.0,future
1935,104313,Twitter,,0,0,0,1.0,factual_present
1936,104314,Twitter,,0,0,0,1.0,factual_present
1937,104315,Twitter,,0,0,1,0.0,psychological_present
1938,104316,Twitter,,0,0,1,0.0,psychological_present
1939,104317,Twitter,,0,0,0,1.0,factual_present
1940,104318,Twitter,,0,0,0,1.0,factual_present
1941,104319,Twitter,,1,0,0,0.0,future
1942,104320,Twitter,,1,0,0,0.0,future
1943,104321,Twitter,,1,0,0,0.0,future
1944,104322,Twitter,,0,1,0,0.0,past
1945,104323,Twitter,,1,0,0,0.0,future
1946,104324,Twitter,,0,0,1,0.0,psychological_present
1947,104325,Twitter,,1,0,0,0.0,future
1948,104326,Twitter,,0,1,0,0.0,past
1949,104327,Twitter,,0,0,0,1.0,factual_present
1950,104328,Twitter,,0,0,1,0.0,psychological_present
1951,104329,Twitter,,0,0,1,0.0,psychological_present
1952,104330,Twitter,,0,0,0,1.0,factual_present
1953,104331,Twitter,,0,1,0,0.0,past
1954,104332,Twitter,,0,1,0,0.0,past
1955,104333,Twitter,,0,0,0,1.0,factual_present
1956,104334,Twitter,,0,1,0,0.0,past
1957,104335,Twitter,,0,0,1,0.0,psychological_present
1958,104336,Twitter,,0,1,0,0.0,past
1959,104337,Twitter,,0,0,1,0.0,psychological_present
1960,104338,Twitter,,0,0,0,1.0,factual_present
1961,104339,Twitter,,0,1,0,0.0,past
1962,104340,Twitter,,0,1,0,0.0,past
1963,104341,Twitter,,1,0,0,0.0,future
1964,104342,Twitter,,0,0,0,1.0,factual_present
1965,104343,Twitter,,0,0,1,0.0,psychological_present
1966,104344,Twitter,,0,0,0,1.0,factual_present
1967,104345,Twitter,,0,0,1,0.0,psychological_present
1968,104346,Twitter,,0,1,0,0.0,past
1969,104347,Twitter,,1,0,0,0.0,future
1970,104348,Twitter,,0,0,0,1.0,factual_present
1971,104349,Twitter,,1,0,0,0.0,future
1972,104350,Twitter,,0,0,1,0.0,psychological_present
1973,104351,Twitter,,0,0,0,1.0,factual_present
1974,104352,Twitter,,0,0,0,1.0,factual_present
1975,104353,Twitter,,1,0,0,0.0,future
1976,104354,Twitter,,0,1,0,0.0,past
1977,104355,Twitter,,0,1,0,0.0,past
1978,104356,Twitter,,0,0,1,0.0,psychological_present
1979,104357,Twitter,,0,0,0,1.0,factual_present
1980,104358,Twitter,,1,0,0,0.0,future
1981,104359,Twitter,,0,0,0,1.0,factual_present
1982,104360,Twitter,,0,0,0,1.0,factual_present
1983,104361,Twitter,,0,1,0,0.0,past
1984,104362,Twitter,,0,1,0,0.0,past
1985,104363,Twitter,,0,0,1,0.0,psychological_present
1986,104364,Twitter,,1,0,0,0.0,future
1987,104365,Twitter,,0,0,0,1.0,factual_present
1988,104366,Twitter,,0,0,0,1.0,factual_present
1989,104367,Twitter,,0,0,0,1.0,factual_present
1990,104368,Twitter,,0,1,0,0.0,past
1991,104369,Twitter,,0,0,0,1.0,factual_present
1992,104370,Twitter,,0,0,1,0.0,psychological_present
1993,104371,Twitter,,1,0,0,0.0,future
1994,104372,Twitter,,0,1,0,0.0,past
1995,104373,Twitter,,0,1,0,0.0,past
1996,104374,Twitter,,0,0,0,1.0,factual_present
1997,104375,Twitter,,0,0,0,1.0,factual_present
1998,104376,Twitter,,0,0,0,1.0,factual_present
1999,104377,Twitter,,0,0,0,1.0,factual_present
2000,104378,Twitter,,0,0,0,1.0,factual_present
2001,104379,Twitter,,0,0,0,1.0,factual_present
2002,104380,Twitter,,0,1,0,0.0,past
2003,104381,Twitter,,0,0,0,1.0,factual_present
2004,104382,Twitter,,0,0,0,1.0,factual_present
2005,104383,Twitter,,0,0,1,0.0,psychological_present
2006,104384,Twitter,,0,1,0,0.0,past
2007,104385,Twitter,,0,0,1,0.0,psychological_present
2008,104386,Twitter,,0,0,1,0.0,psychological_present
2009,104387,Twitter,,0,1,0,0.0,past
2010,104388,Twitter,,0,1,0,0.0,past
2011,104389,Twitter,,0,0,0,1.0,factual_present
2012,104390,Twitter,,0,0,0,1.0,factual_present
2013,104391,Twitter,,0,0,0,1.0,factual_present
2014,104392,Twitter,,0,0,0,1.0,factual_present
2015,104393,Twitter,,0,1,0,0.0,past
2016,104394,Twitter,,0,0,1,0.0,psychological_present
2017,104395,Twitter,,0,1,0,0.0,past
2018,104396,Twitter,,0,0,1,0.0,psychological_present
2019,104397,Twitter,,0,1,0,0.0,past
2020,104398,Twitter,,0,0,1,0.0,psychological_present
2021,104399,Twitter,,1,0,0,0.0,future
2022,104400,Twitter,,0,0,0,1.0,factual_present
2023,104401,Twitter,,0,0,1,0.0,psychological_present
2024,104402,Twitter,,0,0,0,1.0,factual_present
2025,104403,Twitter,,0,1,0,0.0,past
2026,104404,Twitter,,0,1,0,0.0,past
2027,104405,Twitter,,0,0,0,1.0,factual_present
2028,104406,Twitter,,1,0,0,0.0,future
2029,104407,Twitter,,0,0,0,1.0,factual_present
2030,104408,Twitter,,0,0,0,1.0,factual_present
2031,104409,Twitter,,0,0,0,1.0,factual_present
2032,104410,Twitter,,1,0,0,0.0,future
2033,104411,Twitter,,0,0,1,0.0,psychological_present
2034,104412,Twitter,,1,0,0,0.0,future
2035,104413,Twitter,,0,0,1,0.0,psychological_present
2036,104414,Twitter,,0,0,0,1.0,factual_present
2037,104415,Twitter,,0,0,0,1.0,factual_present
2038,104416,Twitter,,0,1,0,0.0,past
2039,104417,Twitter,,0,1,0,0.0,past
2040,104418,Twitter,,0,1,0,0.0,past
2041,104419,Twitter,,0,1,0,0.0,past
2042,104420,Twitter,,0,0,0,1.0,factual_present
2043,104421,Twitter,,0,1,0,0.0,past
2044,104422,Twitter,,0,0,0,1.0,factual_present
2045,104423,Twitter,,0,1,0,0.0,past
2046,104424,Twitter,,0,1,0,0.0,past
2047,104425,Twitter,,0,0,0,1.0,factual_present
2048,104426,Twitter,,1,0,0,0.0,future
2049,104427,Twitter,,0,0,0,1.0,factual_present
2050,104428,Twitter,,0,1,0,0.0,past
2051,104429,Twitter,,0,0,0,1.0,factual_present
2052,104430,Twitter,,0,0,0,1.0,factual_present
2053,104431,Twitter,,0,0,1,0.0,psychological_present
2054,104432,Twitter,,1,0,0,0.0,future
2055,104433,Twitter,,0,1,0,0.0,past
2056,104434,Twitter,,0,1,0,0.0,past
2057,104435,Twitter,,0,1,0,0.0,past
2058,104436,Twitter,,0,1,0,0.0,past
2059,104437,Twitter,,0,0,0,1.0,factual_present
2060,104438,Twitter,,1,0,0,0.0,future
2061,104439,Twitter,,0,0,1,0.0,psychological_present
2062,104440,Twitter,,0,0,0,1.0,factual_present
2063,104441,Twitter,,0,0,0,1.0,factual_present
2064,104442,Twitter,,0,0,1,0.0,psychological_present
2065,104443,Twitter,,0,1,0,0.0,past
2066,104444,Twitter,,0,0,1,0.0,psychological_present
2067,104445,Twitter,,0,1,0,0.0,past
2068,104446,Twitter,,0,0,1,0.0,psychological_present
2069,104447,Twitter,,1,0,0,0.0,future
2070,104448,Twitter,,0,0,0,1.0,factual_present
2071,104449,Twitter,,0,0,0,1.0,factual_present
2072,104450,Twitter,,1,0,0,0.0,future
2073,104451,Twitter,,0,0,1,0.0,psychological_present
2074,104452,Twitter,,0,1,0,0.0,past
2075,104453,Twitter,,0,0,0,1.0,factual_present
2076,104454,Twitter,,0,0,0,1.0,factual_present
2077,104455,Twitter,,0,0,1,0.0,psychological_present
2078,104456,Twitter,,0,1,0,0.0,past
2079,104457,Twitter,,0,0,1,0.0,psychological_present
2080,104458,Twitter,,0,1,0,0.0,past
2081,104459,Twitter,,0,0,1,0.0,psychological_present
2082,104460,Twitter,,0,1,0,0.0,past
2083,104461,Twitter,,0,0,0,1.0,factual_present
2084,104462,Twitter,,0,0,0,1.0,factual_present
2085,104463,Twitter,,0,0,0,1.0,factual_present
2086,104464,Twitter,,0,0,0,1.0,factual_present
2087,104465,Twitter,,1,0,0,0.0,future
2088,104466,Twitter,,0,0,0,1.0,factual_present
2089,104467,Twitter,,0,0,0,1.0,factual_present
2090,104468,Twitter,,0,0,0,1.0,factual_present
2091,104469,Twitter,,0,0,0,1.0,factual_present
2092,104470,Twitter,,1,0,0,0.0,future
2093,104471,Twitter,,0,0,1,0.0,psychological_present
2094,104472,Twitter,,0,0,0,1.0,factual_present
2095,104473,Twitter,,0,0,0,1.0,factual_present
2096,104474,Twitter,,0,0,1,0.0,psychological_present
2097,104475,Twitter,,0,0,1,0.0,psychological_present
2098,104476,Twitter,,1,0,0,0.0,future
2099,104477,Twitter,,0,0,1,0.0,psychological_present
2100,104478,Twitter,,0,0,0,1.0,factual_present
2101,104479,Twitter,,0,1,0,0.0,past
2102,104480,Twitter,,0,1,0,0.0,past
2103,104481,Twitter,,0,0,1,0.0,psychological_present
2104,104482,Twitter,,0,1,0,0.0,past
2105,104483,Twitter,,0,0,0,1.0,factual_present
2106,104484,Twitter,,1,0,0,0.0,future
2107,104485,Twitter,,0,0,0,1.0,factual_present
2108,104486,Twitter,,0,0,1,0.0,psychological_present
2109,104487,Twitter,,0,0,1,0.0,psychological_present
2110,104488,Twitter,,0,0,0,1.0,factual_present
2111,104489,Twitter,,1,0,0,0.0,future
2112,104490,Twitter,,0,0,1,0.0,psychological_present
2113,104491,Twitter,,0,1,0,0.0,past
2114,104492,Twitter,,0,0,1,0.0,psychological_present
2115,104493,Twitter,,0,1,0,0.0,past
2116,104494,Twitter,,0,0,1,0.0,psychological_present
2117,104495,Twitter,,0,1,0,0.0,past
2118,104496,Twitter,,0,0,0,1.0,factual_present
2119,104497,Twitter,,0,1,0,0.0,past
2120,104498,Twitter,,0,1,0,0.0,past
2121,104499,Twitter,,1,0,0,0.0,future
2122,104500,Twitter,,0,0,0,1.0,factual_present
2123,104501,Twitter,,0,0,1,0.0,psychological_present
2124,104502,Twitter,,0,1,0,0.0,past
2125,104503,Twitter,,0,0,0,1.0,factual_present
2126,104504,Twitter,,0,0,0,1.0,factual_present
2127,104505,Twitter,,0,0,0,1.0,factual_present
2128,104506,Twitter,,1,0,0,0.0,future
2129,104507,Twitter,,1,0,0,0.0,future
2130,104508,Twitter,,0,1,0,0.0,past
2131,104509,Twitter,,1,0,0,0.0,future
2132,104510,Twitter,,0,0,1,0.0,psychological_present
2133,104511,Twitter,,0,0,0,1.0,factual_present
